Name;Date;Amount;Category;Notes
Kenneth Rowe;18/8/2023; 2930.61 ;Travel;ARGUMENTUM LABORUM ADMOVEO TYRANNUS CHIROGRAPHUM VICTORIA.
ROCHELLE BARTELL;2023-05-04; 5928.00 ; Other ;sordeo comburo absum unde aetas cruentus.
Lynda Huels;2023-11-27;8850.07;Health; cruentus magni supplanto tabesco. 
mandy mueller;10-23-2023; 535.32 ;OFFICE;Aetas sophismata urbanus versus chirographum vergo tamen.
Terry Konopelski;2023-11-17;9403.23; Office ;Correptius colo ocer vinculum crux corrumpo.
LANCE BOYLE;8-20-2023;6001.54;Travel;Agnitio truculenter sustineo terminatio.
  Wanda Maggio  ;20/4/2023;8290.32;Travel;SURSUM DEMERGO XIPHIAS.
Alfonso Prohaska;11-5-2023;66,60;Office; DENIQUE REM TAMDIU VICINUS VESPER OPTIO. 
Ronnie Bauch;2023-11-02; 8024.45 ;Other; CERTE LABORUM STRENUUS TEPESCO APOSTOLUS TEMPTATIO ABSORBEO PROVIDENT CALLIDE. 
Marc Borer;6/9/2023;7559.43;travel;verbera uter demoror censura suppono ager.
Dolores Gottlieb;1-5-2023;147.93; Travel ;Amitto tam canonicus suffoco arx defluo tergiversatio theatrum.
willie heller;9-29-2023;3354.10; TRAVEL ;Contra desino decor vaco vehemens aeneus suspendo venia.
Guadalupe Gulgowski;3-22-2023;7029.89; Health ;Varietas caries a amiculum subiungo stultus.
Lillian Connelly;2/12/2023;1970,56;HEALTH;delibero amiculum tamquam vitae subiungo.
  Jonathan Wolf  ;7-1-2023;8779.22;health; Spes correptius animadverto vomer demum. 
  Maureen Hane  ;2023-10-01;5256.36;Travel;Copia ager calamitas facilis sumo ultra cenaculum.
THERESA RAYNOR;2023-11-05;5180,27;Other;civitas defetiscor villa beatae pax commodo viriliter triumphus tenuis suppellex.
ELLA KONOPELSKI;2023-03-24; 3297.16 ;Travel;Sursum creator quis qui constans tricesimus cubo collum somnus defluo.
Jo Stark-Mitchell;4-10-2023;1788.11;Health;ACIDUS VALLUM DIGNISSIMOS.
VIRGIL BORER PHD;30/3/2023;7597.65;Health;aestus abutor aliquid.
Joan Toy;2023-02-28; 2925.88 ;food; Auxilium summopere civis accusator tepesco corroboro aeternus. 
Carla McDermott;2023-07-11;324,67; HEALTH ;Traho arca cauda confugo ratione aut.
SARA BERNIER;24/1/2023;7360.17;travel; Curso saepe vulgivagus asperiores earum auctus celebrer quaerat. 
marshall kunze;2-8-2023;8036,08;OTHER;sit cotidie dedecor bardus carus torrens voveo.
  Angela Wisoky  ;2023-08-12;6344,06;HEALTH;Ambitus voveo comparo angelus delectus certe defendo.
Mr. Saul MacGyver;14/5/2023;7488.03;food;Color dicta cunae caelum sopor attollo cum velut succedo natus.
Lynn Erdman DVM;9-10-2023;7384.99;Health;Decumbo neque tergeo caritas dicta cumque pecto auditor vaco volup.
Jason Glover;8-29-2023;3283,85;Food;Somnus verbera trans vestigium decor praesentium curriculum denuo.
Roger Halvorson;12-28-2023;661.19;Health; casus terga aureus temporibus deserunt color. 
mr. cameron orn;5-29-2023;4578,34;Office; Conculco tunc vehemens arcesso degusto bibo amet dolor. 
  Daryl Halvorson  ;15/6/2023;9142.26;Health;Terga cohors claudeo velut acervus atque.
  Devin Rodriguez  ;7-2-2023;1500.27;travel;Uter vomito laudantium amissio tero.
Jana Parker;17/5/2023; 1255.81 ;Food;Decerno aeternus utrum clam valde fuga turba.
Mrs. Maureen Powlowski;6-24-2023;2458.70;food;Tergo debitis vox tergum.
PHILIP WILLMS;2-21-2023;4465,82;Travel;caecus defetiscor adstringo timidus.
kristopher johnston;4-16-2023;1830.19;Office;Convoco volup volo tersus vomica solium aspernatur aeternus tristis vereor.
  Meredith Parisian  ;6-3-2023;9087,83; Travel ;ULLAM DELENITI VERUS CRIBRO.
  MS. TONI CONROY  ;2023-07-19;1226,98;Health;Tempus speciosus caveo considero.
Dwight McKenzie II;2023-09-11; 1160.86 ;Travel;Complectus vomito denuncio dolores reprehenderit curto annus convoco ustulo apparatus.
Mr. Santos Nitzsche;27/12/2023;700,56;Health;Conduco acsi vado adfero cumque amet arcus vicissitudo statua.
  Dr. Kayla Berge Sr.  ;12-25-2023; 4081.41 ;Other; Depopulo ubi advenio cuppedia vero stultus aduro voveo. 
June Kuvalis;5-19-2023; 5852,63 ;HEALTH;Suus absconditus aestus nostrum uberrime crapula soluta appello.
Mercedes Dicki Sr.;10-6-2023;1617,42; other ; Adiuvo cribro desino copia voluptate speculum. 
LORETTA BUCKRIDGE;2023-06-05;3812.84; Travel ;Nisi tabella arbustum turbo.
ross glover;10-18-2023; 6048,14 ;Health;TEXTILIS ARBUSTUM ILLO SUPRA UTRIMQUE APPONO VALETUDO SONITUS.
Dale Jerde;2023-08-11;3139.76;Health;Admiratio adimpleo cimentarius velut usitas.
  Andy Nader PhD  ;9-5-2023;2548.74;Other; adaugeo tamisium volo. 
Wade Hilpert;1-22-2023;9760.30; Health ;Vinum tyrannus caries curriculum deprimo depraedor possimus approbo socius.
  Blanche Zieme PhD  ;11-25-2023;6712,58;other;UTROQUE AURUM ABSQUE DEGENERO TENETUR TARDUS CARCER AMICITIA CURTUS.
dr. roger heidenreich;2023-05-24;5052,47;other;Quae apparatus cubitum teres creator veniam cilicium conqueror impedit.
KATRINA DAVIS;2023-09-17;4293.28;HEALTH;Conqueror catena amicitia cena damnatio ambitus laudantium placeat.
Dominic Haley;5/11/2023; 7103.67 ;food;Contigo denuo theologus.
REGINA SWANIAWSKI;9-11-2023;6637.97;Office; Omnis tremo thymbra despecto comprehendo thorax tertius termes baiulus quis. 
Lionel Oberbrunner;2023-03-11;8043.13; Food ;UNUS SUGGERO QUO AUDENTIA.
Nadine Block;9-2-2023;7427.26;Food;DEINDE QUAE SOPHISMATA FACERE CORRIGO CENO THYMUM.
miguel cartwright;2023-09-26;6624,58;FOOD;alienus ullam annus voluptas abstergo suffoco benevolentia coadunatio tardus.
Jon Doyle;2-8-2023;913.97;Office;Adhaero aperte quas summa cunabula accendo audeo colligo acsi.
Ashley Gusikowski;20/4/2023; 6242.29 ;Health;Claro uredo consuasor vitium damnatio commodo ciminatio.
megan parisian;4-9-2023;2196.65;other; Comptus laudantium vulgo sumo assentator. 
  SHAWN SWIFT  ;4-27-2023;902,16;Health;Ab carus derideo aliquam molestias appositus carcer supellex consuasor canonicus.
LINDSAY JASKOLSKI III;2023-09-15;9635,01;Office;Curia delinquo defaeco.
Beulah Kovacek;2023-08-25; 8948.88 ;Food;Denuncio cubicularis vulnero adipisci sulum crudelis.
Florence Bruen-Feil;2023-10-17; 2731,22 ;Other;Sufficio amplitudo amaritudo theca incidunt adsidue somnus conicio.
  Byron Osinski  ;25/7/2023;5157,22;health;ver ad bis aggredior officia deleo.
  Doug Jenkins  ;5/2/2023; 1846,93 ;other;Depono aegrus suffragium.
Steven Hackett II;9-1-2023;4543,75;Health;VERTO QUO AESTUS.
doris bayer;3-28-2023;9681.78; FOOD ;ACCUSANTIUM ALIAS SUCCEDO TYRANNUS VULGARIS TARDUS.
Juan Swift;2023-03-07; 142.69 ; Travel ; Arbor commodo dapifer conitor centum ver caelestis subito corrumpo. 
VIRGINIA ROOB;2023-08-19;1203.06;travel; tondeo ut aggero vorago depromo truculenter celebrer beatus. 
Lowell Cremin;30/4/2023;2725.46; Food ;Sponte terror voco cubo claustrum usque ademptio.
Eula Littel;4/9/2023;5982,64; Health ;Dolore amitto adipiscor capto.
Amos Flatley;4/1/2023;8383,37;Other;Aufero attollo adstringo turbo harum cernuus volaticus attonbitus.
dr. marion kirlin;19/9/2023; 6352.41 ;health;Cauda utrum ambitus vacuus.
Ms. Willie Kub;9-9-2023;8620,62;travel;Verecundia ademptio conor cena corpus curia velum adaugeo beatus.
Dr. Georgia Rolfson;6/11/2023;6133,82;Health;Denuo temporibus tum attonbitus solus delinquo suadeo absconditus territo.
MARIA NADER;3-12-2023;9402.53;Travel; Acceptus vicinus curriculum dens possimus commodi eaque aer surgo uterque. 
Gwen Dare;2023-07-26; 8584.40 ;Health;Sui administratio tyrannus sono.
NORMA CRONIN DDS;31/10/2023;9044,67;Food;Teneo comedo spargo sit ex stipes vulariter amor accedo.
Dan Hudson;1/6/2023;3295,83;Other;USITAS TOLERO ARBOR QUAM PERSPICIATIS QUAE.
Linda Torp;2023-08-12;9182.02;Travel;Vilis animus vitae colo illum civis angustus.
VICTOR BECHTELAR;8-26-2023;993.80;Health; contego delibero correptius termes desino canto. 
Dora Schinner V;12/9/2023;5843.68;food;Abundans tutis delibero certus temptatio civitas advoco.
  Mike Little  ;2023-05-28; 1934,55 ;Health; Apto laborum arto theca ars acer centum statua capitulus. 
Kurt Koch;2023-01-04; 9584,79 ; Office ;Tollo stips combibo corrupti dedico conculco absconditus corrumpo spero.
Harvey Botsford V;12-25-2023; 6994,13 ;office;Fugit ago comprehendo contigo demergo cometes attero damno cupressus arbustum.
Dr. Bessie Metz DDS;2023-05-14;1981,12; Health ;Certe utilis acies claustrum tredecim antepono abeo tolero corpus.
  JACQUELYN WITTING  ;2023-12-23;3927.69;Other;Appono canonicus tui cervus tristis vomito vitiosus denuncio claro viridis.
brendan feeney;22/9/2023;7732.28;Office;Caecus officiis vulnus patior depraedor tepesco cursim tergeo tendo.
Malcolm Metz;10-23-2023; 1431.45 ;travel;Currus tondeo uredo summopere depromo.
  Christian Kovacek  ;5-21-2023;8006.72;Food;Capio tenuis adulescens patrocinor autem textor.
lynne pagac;2-20-2023;3476.18;food;Atavus conturbo denuo absque.
  Hilda Schowalter  ;2023-08-10;6439.56;Other;BONUS XIPHIAS CUMQUE CURSUS VENTOSUS COGNOMEN DEORSUM.
ORVILLE KUPHAL;10/4/2023;8810.63;Food;Sed ancilla debitis xiphias spectaculum.
Jeremiah McDermott;10-7-2023;6003.25;Travel;VITO DELECTATIO ADEMPTIO DELEGO TOT COMBIBO VIX.
Harriet Schroeder III;9-10-2023;954.21;Travel;ARBOR DEPUTO DELECTUS.
Bob Lind;10-30-2023;3881,63;office; CRESCO CRAS COMEDO SPOLIATIO AUDAX SUBVENIO BLANDITIIS BASIUM TEREBRO AMBITUS. 
Willis Heidenreich Jr.;31/12/2023; 2522.87 ;Food; DEMONSTRO SUBSTANTIA SORTITUS DOLOR. 
kim cormier;14/10/2023;9519,52;office; Vaco temperantia arbustum tempus arbustum. 
  marian rau  ;23/9/2023; 3859,24 ; Travel ;soleo averto sublime.
Agnes Dickinson-Erdman;15/4/2023;9255,01;Other; Animus aggredior aliquam articulus derelinquo ciminatio delicate rerum acer anser. 
marty marks;2023-04-05; 779.10 ;other;vociferor surgo deserunt casus bestia autus thesis crapula vox tego.
christine klocko;7-22-2023; 3426,58 ;Food;Aptus capto vacuus blanditiis autem facere saepe sopor templum.
JAKE FRIESEN;2023-05-15;9410.76; HEALTH ;Utilis vester dicta vespillo animus eaque demulceo.
Neil Fisher;2023-07-15;4910.87;Other;Aggero cultura qui calculus delicate ventus averto.
MR. THOMAS TURCOTTE;2-25-2023; 1811,26 ;Office;degero admitto aurum spiculum.
Naomi Muller DVM;30/8/2023;9494.95; FOOD ;vir texo sonitus comis accendo subito alioqui.
Jerry Zieme;2023-04-10;7773,60; Health ; Fuga nobis communis decens curvo vulgo natus tersus pecus. 
Mr. Wilson Steuber;5/10/2023;1725.55; Other ; Blandior iusto modi nostrum maxime tonsor spoliatio earum. 
  Dr. Judith Mann  ;4-19-2023; 5583.85 ;FOOD;Cado usus clarus sopor abbas.
  juanita hegmann  ;2023-05-06;993.60;Travel;Excepturi tenax trucido depereo crepusculum vigor voluptatum undique.
Virgil Schaefer;22/1/2023; 1670.03 ; food ;COMPLECTUS TEREBRO ASPER VESICA AEGRE CASSO AGNOSCO.
jenny hoeger;11-30-2023; 5703,12 ;TRAVEL;DECIPIO IPSUM TUTAMEN AGGERO SOPHISMATA EAQUE VIX ADHAERO CONTEGO.
dr. jean kovacek;2023-07-19;1297.46;health;Administratio eum depulso porro vereor vita demulceo cito.
  Mrs. Melody Mills  ;2023-01-23;7865.91; Food ;ELIGENDI EA TERMES CLIBANUS AUDIO ADFECTUS TEMPORE VIDELICET ABEO.
Miss Hilda Beer;2023-02-24;5768.28;TRAVEL; adsum voro coaegresco vehemens. 
BENJAMIN CONNELLY;2023-01-25;156.73;Health; doloribus admoveo supra spes super versus colligo cotidie. 
  Carroll Durgan  ;11-11-2023;6535.70; TRAVEL ; Tutamen thymum admoneo delectus. 
  Stephen Quitzon  ;17/8/2023;8792.23; Other ; articulus accusator ancilla sollicito ante tendo tenuis claustrum molestiae. 
Ramiro Sauer;2023-07-29;4964.37;OFFICE;soleo cribro stillicidium universe amplitudo acsi substantia.
MISS JOY BAUMBACH;5-29-2023;7241.23;Office;Consequuntur crepusculum antepono adfectus distinctio aestivus.
Jeanne Tillman;28/8/2023;5940.66; health ;COMPELLO DESPARATUS ADIPISCOR CONFIDO UNIVERSE ARTIFICIOSE PROVIDENT VEHEMENS CUBITUM BALBUS.
  Joel Krajcik  ;2023-05-08;3297.55;Food;Thymbra dolor admoveo sum ipsa texo.
Ms. Brandy Block;27/6/2023; 8257.78 ;Other;Causa culpa carus celebrer ipsa rem demoror deficio.
Tom Beer DVM;3-3-2023;5652,19;Food;cimentarius deinde basium.
JEFF TOWNE;7-19-2023;952.93;TRAVEL;BIBO CUIUS FUGIAT VIS DUCIMUS TEMERITAS VOMICA SUBSTANTIA ULLAM.
  Julie Kihn  ;16/3/2023; 1655.43 ;Health;Caries sulum vita deficio vespillo surgo umquam convoco tam thesaurus.
harriet shanahan;2023-02-03;5024.47; Travel ;Viriliter incidunt vito odit.
Regina Schiller-Kilback;3-17-2023;8346.06;Food;Vesica administratio volutabrum harum cornu capitulus accedo.
  Ms. Wanda Rowe  ;16/3/2023;8459.12; Other ;Thymbra quod porro comptus.
Stanley Kutch;2-10-2023;3565.49; Travel ;Stabilis conatus sunt stabilis via.
Sylvia Grimes;9-7-2023;7753,85; food ;CERVUS TARDUS SUUS ABSQUE CORPUS.
tara mann;20/10/2023;1167,30;OFFICE;Cunae vorago appositus.
  Amber Lind  ;8-30-2023;1798,13; Office ;Dolore thorax umquam thymbra corona exercitationem.
ernesto kovacek;2023-08-29;5903.77; Food ;Verus sperno accommodo ver alius voco.
Ryan Dickinson;2023-09-22;7000.95;OTHER;Utroque studio color talus acervus officia adipiscor.
Joy Rolfson;4-16-2023;229.86;Health;Solvo decumbo demens videlicet.
mrs. kimberly tromp dds;1/2/2023;5354,96; HEALTH ;Vulnus ambulo debitis.
  ANGEL MURRAY  ;9/6/2023;7160.36;health;Adinventitias animadverto tener absens abstergo videlicet.
Jane Murphy;10/3/2023;7033,18;Travel;Facere desino caecus recusandae asporto.
Nichole Waters;3-17-2023; 3961.51 ;Other; Adeptio vesica desino appositus approbo usus damnatio comes voluptatibus vinco. 
Clint Ryan;11-11-2023;2580.77;TRAVEL;PATRUUS ESSE IN URBS.
Andrea Feil;11-6-2023;9971.93;Other; Ab ciminatio tam decipio calcar distinctio capitulus defungo suppellex caelestis. 
Lawrence Bahringer-Lockman;4-4-2023;8164.53;FOOD;Aegrus uxor degusto depono.
Ms. Opal Wolf;2-9-2023; 4500.91 ; Travel ;basium vulariter trucido cohaero.
Grant Hickle;12-30-2023;1659.31; Other ;SPONTE AMPLUS BARDUS.
Gail Baumbach;1-17-2023;4541.04; office ;clam celo numquam.
marlon hettinger-davis;2023-02-06; 5108.93 ;Other;Caveo degusto temporibus degero umbra.
eileen schmidt;2023-10-12;7447.57;travel;Sui cado colo.
Ivan Brown;2023-12-14;7007,47;Food;Aeternus verbera eaque quod tutis colligo caelestis capillus amplexus.
Lorenzo Feil;2023-05-10;10,79;Food;AD ACCUSANTIUM VINCULUM REPELLENDUS.
irving hand v;2023-11-19;9181.99; HEALTH ;Verbum urbanus aeneus virga tonsor sordeo suffoco.
joann schiller;10-11-2023; 837,61 ; OTHER ;UBI CELO CETERA.
Rosa Breitenberg-Orn;2023-06-06;9942,34; HEALTH ;Torrens baiulus decipio caries patrocinor adimpleo voco basium.
dianna powlowski;15/5/2023;4437,81; Other ; Enim aedificium voluntarius decumbo solium capillus. 
Lorene Pfannerstill;2023-09-25;2622,25;Other;ENIM UTILIS ANIMADVERTO PATIOR CONFUGO DEINDE.
alexander weber;2023-03-04;1601.19;Office;DELINQUO ALIQUID ABSENS.
Dr. Archie Spinka;11-22-2023;3274,49; Food ;defaeco utique creptio aggredior voluptates adversus celo deserunt.
virginia hegmann;8-2-2023;7861.64;food;adopto verecundia canonicus.
  Jeffrey Bergstrom  ;6/9/2023;335,08;Travel;Necessitatibus alioqui surculus magni coepi candidus adamo acer territo.
  Dr. Dana Skiles DDS  ;3-24-2023;2916.18;Other; Adulatio alter traho. 
Dr. Edmund Metz;1-24-2023; 9667.72 ;Office;Cruentus vomer sono corporis facilis sursum depopulo crapula.
  Tonya Morissette III  ;27/1/2023;5882,19;Food; Enim usitas in viriliter defendo agnosco. 
amos bernhard;10/11/2023; 8128,54 ;Health; Virgo enim bardus abeo trado spiritus. 
Marlon Mann;2023-10-24;9951,65;Food;Cupiditas tenus abeo tunc currus tantillus concedo caritas tabesco tergiversatio.
ALVIN EMARD;18/11/2023;6764.06;Office;Thalassinus repudiandae uterque minus ea subito tamen eaque.
Dallas Schroeder;4-28-2023;7608.09;Food;reprehenderit caries calco soluta vallum ducimus tibi vitiosus.
  Carrie Beier V  ;7/3/2023;5505.53;travel;VEL TENER ADNUO QUIDEM CONICIO.
DAVID COLLINS SR.;4-12-2023;342.37;office;vitium commodo vulnus dolore suasoria calamitas arceo vix saepe.
Miss Bernadette Hackett Sr.;26/7/2023;9875.19;HEALTH;ABSQUE VOLATICUS TITULUS CREPTIO CIMENTARIUS VORAX.
Angelo Flatley;17/9/2023;6732,78;Other;Ventosus facilis curriculum.
Charlie Sanford;8/7/2023;5130,93;OFFICE;Substantia deludo amicitia sumo recusandae volutabrum.
  Orville Waelchi  ;1-25-2023;4663,67;HEALTH;Aqua derelinquo ullus.
Jody Johnson;9-30-2023;4350.75;travel;Conicio porro voluptas.
SABRINA GOLDNER;6-9-2023;3015.57;Other;Uxor pectus alii chirographum patruus administratio tero virtus angelus.
MARYANN GERLACH;19/4/2023; 450.55 ;office; Tamquam considero verbera vindico vulnus. 
Carmen Funk;10-10-2023; 4603,51 ; Office ;canis pauci defendo bellicus adsidue verbera.
Tony Emard;9-3-2023;8028.08; Other ; adiuvo demo curatio deficio usque decet tener. 
jackie fisher;2023-08-09;3211.55;Health;Attero curiositas non chirographum illum creber magnam argentum.
mr. jimmy grant;2023-10-06;1694,68;Food; temperantia turpis aegrotatio color corrigo uterque adduco vesco. 
Willie Beier;10-30-2023; 7631,91 ;travel;Contigo reprehenderit templum addo stabilis cohors dolore.
ivan leuschke;2023-02-13;1137.98;HEALTH;Conicio vulariter cursus.
  HELEN GREEN V  ;10-29-2023;1871.79;Other;Tabella synagoga compello sulum thesis exercitationem.
Archie Zieme MD;2023-07-06;4189,66;travel;Dolorum cibus coadunatio turba aequus aspernatur corporis dapifer.
mike jacobson;27/11/2023; 2027.44 ;Travel;VINDICO CAMPANA SULUM SUPPLANTO.
Rachel Beatty;10-3-2023;6256.71;OFFICE;Expedita concedo utpote.
debbie gislason;2023-02-10;3549.34; OFFICE ;Timor aliquam tactus terror vinculum.
Norma Hahn;2023-04-20; 1715.58 ; travel ;verbum ratione bardus defetiscor aiunt nesciunt repudiandae pax modi.
  Ken Tremblay  ;3/9/2023;5282.74;office;Bibo amet creta perspiciatis civis amplitudo aequus.
stacy huels;2023-08-24; 1379.53 ;Office;EST TERMES VIRILITER TEMPORIBUS DOLOR.
Alexander Gerhold;2023-08-16;3413.31; health ;Acies venio alius vulticulus audio quas correptius.
  Donnie Herman  ;2023-09-29;7845.70;health;Uterque altus appello vilicus xiphias.
Gretchen Legros;2023-03-06; 2452.60 ;Office; Vulgus tertius audax facilis apud caelum delicate auctus comes aggero. 
Latoya Balistreri;8/1/2023;7274.76;Office;Paulatim abeo caste tredecim odio perferendis aiunt.
Dr. Juan Lehner;24/5/2023; 1997,68 ;Other;Eaque cultura bis apto adduco adnuo.
Edna Dooley;31/10/2023;5310,66;OTHER;TENEO PERFERENDIS EA THALASSINUS VOBIS BESTIA.
Dr. Henry Rice;30/1/2023;6050.16;TRAVEL; Civis civis atrocitas subseco stillicidium demitto. 
Jermaine Greenholt;15/5/2023;4680.83; Other ; Talis suadeo callide doloribus cultellus. 
Paula Hermann;1-25-2023;7503.04;Other;Beneficium magni basium officia ait voro conspergo tersus atque aqua.
Bessie Kuhn;23/8/2023; 9266.30 ;Office;Certus convoco blanditiis crepusculum tabernus ventosus astrum spes baiulus.
Lynne Pfannerstill;6-5-2023;2224.18; food ;Consequatur enim aranea civis corpus campana comburo spes verecundia.
Joann Schaden DDS;2023-06-02;5223,59;Other; Ater curriculum odio constans aeneus tactus architecto. 
LANCE HOMENICK;2023-01-25;4348,46;Other;Voluptatibus ducimus charisma aduro calamitas defleo solio iste vesper exercitationem.
Mr. Jim Emard Jr.;2023-01-18;767,23;Travel;Quod amissio pariatur approbo attero aggero causa surgo decipio.
Maggie Brown;2023-05-10;7246.15; other ; Ambulo congregatio comitatus natus armarium amoveo cunabula. 
Tasha Kulas;2023-04-22;9822,12; Food ;Censura cogito cohibeo angustus atavus quisquam clibanus vinculum terreo.
gilberto batz ii;11/10/2023;8253,61;Travel; rerum supra vulgus volup arguo vitium vulticulus claudeo utroque. 
damon crist;22/7/2023;7287.70;Travel;Bestia candidus caritas.
miss lorene rohan;1/6/2023;9903.21;food;CLAMO CRUSTULUM SUPPLANTO CREBRO SUSCIPIO.
Kent Tremblay-Bode;1/12/2023;8045.00;Health;Tepesco venustas tui.
  cathy ledner-baumbach  ;14/12/2023;1146.58; FOOD ;Ipsa desidero recusandae depraedor valens delibero cultura aspernatur summisse brevis.
mona kunze;2023-02-03;9239.94;Food; asper claro articulus soleo. 
  Angelo Schiller  ;2023-03-28;621.66;Food;Supplanto valeo defessus utpote concedo carus demo torqueo cavus asperiores.
Marty Stroman;5/1/2023;8236.47; Health ;taedium terror aspicio vis.
Monica McDermott;18/5/2023;296.73; FOOD ;Vulticulus cunabula carbo vitiosus.
Mr. Alex Deckow III;3-17-2023;3305.73;Health;Cilicium facere subvenio coadunatio excepturi velut conservo.
jan bayer;13/1/2023;8226.02;Travel;Causa vigilo sponte pauper veritatis defendo crudelis degero tantillus acquiro.
Mr. Marshall Bergnaum;2023-09-14;4135,53; Office ; Amo vir territo ex tepesco illo. 
  May Bashirian MD  ;2023-11-29;6280.97;office;quisquam charisma voluptatem totam valde benevolentia admoveo asper in velociter.
Cornelius Leuschke;14/8/2023;4502.97; Office ;bardus pecto alioqui denego sodalitas suppono tamisium stillicidium impedit.
Miranda Marquardt;2023-02-08;2807,83;Travel;vulnus cupio casso.
Tami Labadie;8/4/2023;4349,33;TRAVEL; Cunctatio ciminatio sonitus apud facere amplexus cur laboriosam utpote undique. 
Pat Macejkovic;10-10-2023;6316.45;FOOD; Aspicio sopor aduro temeritas tactus. 
  Lindsay Flatley  ;3-21-2023;4285.15;Travel;ascit attonbitus adicio tenus suasoria degero vaco pecto titulus.
Hope Maggio-Kihn;9-21-2023;5122.11;Travel;Abutor surgo repudiandae tergo ulciscor denuo comes demum vere aiunt.
Don Durgan;2023-10-03;30,67;HEALTH;Depono sulum clementia accendo amissio totus.
Miss Billie Williamson Jr.;7-16-2023;1720.69;Health; DOLORE UTOR DEPORTO DOLORE TERGIVERSATIO DEGERO NON VOLATICUS VIDELICET VICINUS. 
WALLACE BALISTRERI;2023-02-08;9312.33;Travel;Deduco suus tripudio qui utor verecundia.
  Jonathon Grant-Gorczany  ;2023-03-04;9762.19;health;Saepe civitas tricesimus summisse deprecator acervus.
samantha gislason;8-23-2023;7510,77; Health ;arto quaerat est usus quod terreo vulgo currus.
Dr. Kent Torphy V;2023-11-01;5889,46; Office ;Conspergo vox turbo.
  Bridget Zulauf  ;8/1/2023;2964,60;Travel;sursum amiculum usque expedita cado coniecto solium.
Mrs. Cynthia Toy;2023-12-02;2615.31; Other ;Cultura barba advoco consuasor verbera coniecto ultio conatus.
Shannon Renner;2023-08-28;6231,12; Food ;capio tenetur concido ustulo quasi vetus optio.
  Jay Lubowitz PhD  ;27/1/2023;1026.93; Health ;ANNUS TAMQUAM PAENS LABORUM CAPIO SUMMA.
dewey jacobs iii;17/8/2023;3814.63; office ;Eveniet est amissio optio.
  Alexander Miller I  ;27/6/2023;7038.57;health; Vulticulus cresco aro attero alias tenus. 
Dr. Bernard Johns;2023-09-16;247.82;Other; AIT ATROCITAS CURRICULUM ATTONBITUS CREO AUCTOR TEPIDUS. 
  Kara Franecki DDS  ;2023-05-14;669.24; Health ;CONIURATIO ALIQUID VOLUPTATIBUS ADHAERO.
Jack Rohan;10-4-2023; 7666,96 ;OFFICE; contabesco avaritia derideo conculco amiculum delectus tollo volaticus tempus argumentum. 
  Ricardo Hayes  ;1/5/2023;3436.19;Food;SPECULUM QUIA ADIPISCOR ADSIDUE SPERO CELER EIUS.
dustin kutch;2023-05-24; 5559,62 ;Other;Admitto sopor beatus demitto trans.
  MARJORIE LARSON  ;2023-12-08;5100,67;health;Aro appono ad conturbo cribro bibo vel capillus vigor utilis.
HUBERT HIRTHE;22/2/2023; 4354.46 ;Other;At curia dolor viduo caterva temperantia bestia.
Jimmy Cole;2023-09-10;3040.17;FOOD;DEPOPULO STIPS VERITATIS COMMUNIS PLACEAT LABORIOSAM DEDICO.
kristopher kub;19/6/2023;7770.49;Other;Cedo absum vinculum crinis inventore absens amo valens absque casus.
Mr. Cornelius Schoen;12-26-2023;8114.61; Travel ;Odit inventore crastinus denuo.
Gustavo Haag;2023-12-05; 791.55 ;Food;Copiose ducimus canto.
Kate Moen;8/6/2023;7594.35;Health; Nobis congregatio sono voco valens truculenter decipio alveus velum auctor. 
Stanley Kling II;11/10/2023;5850.58; Travel ; voluptate architecto terebro caste cupio calco apto tui sit neque. 
Tommy Kutch;6-26-2023;9835.69;Food;Illo currus thorax adeptio similique beatae statim nihil hic articulus.
DOUG ZBONCAK-BOYLE;12-16-2023;8916.98;Office;officiis deleo caries vitiosus maiores cultura defendo tot.
Santos Bogan;24/1/2023; 148,80 ;OTHER; CONVOCO QUAM TEPESCO AQUA VESICA. 
PHILLIP SCHUSTER;20/9/2023;780.02;Food;Utrimque cur tondeo tam tantillus ut arbustum.
HAZEL LIND;3-27-2023;9364.68;TRAVEL;PERSPICIATIS VITAE INCIDUNT CONIECTO CORPUS.
angie cartwright;1-11-2023; 2587.10 ; Other ;APPOSITUS STATUA DESIPIO ARBOR TIBI ANTEA ATAVUS.
Mary Bruen;11-28-2023;3307.84;FOOD;Quo tenuis incidunt sui.
  Leslie Koelpin  ;2023-01-05;642.08;Travel; Repudiandae occaecati adnuo demonstro fugit vicinus ter cicuta textus textus. 
  cory gerlach  ;2023-01-16; 6713,75 ;Travel;Undique deduco consectetur peccatus aperiam spiritus universe.
Lamar Zboncak Jr.;7-8-2023;8348.42;Health;Absum arto circumvenio templum.
alberto stanton;6-15-2023;4626.90;office;VESICA SUBSTANTIA SUPELLEX UTOR.
ADRIAN GOLDNER-MARKS;2023-10-28; 3977.08 ; Food ;Deporto conscendo degero cubicularis statim.
  Jerry Cummerata  ;23/6/2023; 8392.08 ;Food;Corroboro amplus nisi stips defluo terreo aestas vos ulciscor.
Maryann Koepp MD;2023-07-14;2260.63; Travel ;doloribus bellicus conforto.
molly gusikowski;2023-11-23;5705.19; Office ;Culpa subito vitium certe quae tego tener adficio.
tommy cremin;8/6/2023;8261.23; Other ;Aperiam verecundia deserunt cogo adulescens sum officia.
  Ellis Hane  ;3-24-2023;4541.59;Food;DEMITTO TENAX ARTIFICIOSE.
Salvador Beatty;23/7/2023;9551.71;Food;Tristis est vestigium utroque agnosco viscus.
  Ruben Ryan  ;2023-04-24;9444.83;Food;Labore terror decimus.
Geneva Ullrich;12-18-2023;99.59;travel; Tamquam clarus audacia coma veniam ullus degusto torqueo quos. 
Alan Steuber;10/7/2023;6605.74; Travel ;UNDE SPECULUM ADFECTUS PAUPER.
ANA EMARD;2023-05-10; 330.76 ;Travel; nesciunt sperno esse cubitum pariatur decretum iure numquam non claudeo. 
Miss Melissa Larkin;8-22-2023;4047.40;OFFICE;CONGREGATIO AUTUS TUBINEUS VELUT VITAE.
ALEJANDRO KONOPELSKI;3-12-2023;1878.89;office;adimpleo apto adeptio.
MRS. ROCHELLE RODRIGUEZ;2023-04-11;6542,46; Food ;Coepi candidus pariatur adsidue.
dr. lauren feest;6/9/2023;9312.61;Food; REPELLAT SUPPONO BLANDITIIS MOLESTIAE ABBAS ARCESSO. 
Josephine Cartwright;2023-05-27;7951,58;FOOD;tener ascit atque trado denego facere tandem.
  Timmy Hammes Jr.  ;7-20-2023;9573.77;Health; Vulnero accusator arma comburo certe contigo consequatur advoco. 
ALLAN STARK;9-2-2023;3512.44; Other ;confido taceo abscido conspergo addo.
ALBERT WATERS;1-16-2023; 8762.48 ;Health;Nam argumentum adaugeo.
JENNY LEANNON;2023-03-06;9178,08; health ;Dignissimos cupio trado crinis soleo.
Horace Dibbert;2/6/2023;6768,83;Office;CORRUPTI AMOVEO COADUNATIO VACUUS THESIS CREDO.
LEWIS ROLFSON;11/11/2023; 6989.15 ;Office;Velit adiuvo tempora confido dapifer caelum decens vox vita illum.
Pauline Collier DDS;2023-09-09;9908,23;Other;casso sopor dolor accusantium debilito alo tredecim.
Sam Lockman IV;12-12-2023;9330.29; Travel ;Thymbra beneficium illo adficio baiulus cultura praesentium.
kristie steuber;6/1/2023;5275,50;Other;Annus supplanto succurro veritas.
Edwin Gleason;2023-09-22; 5207.23 ;Food;Perspiciatis tondeo cogito.
dr. dennis cronin;17/10/2023; 8527,47 ;Office;Antiquus vallum auctus surgo cernuus.
Gail Green;2023-06-28;9009.15;Health;Explicabo velit claustrum paulatim aetas deserunt caveo maxime tam.
  maggie nikolaus  ;28/3/2023;4528.40; OTHER ;auxilium eos rerum terminatio tepesco validus ultra stillicidium.
Miss Leticia Bergstrom II;2023-01-16; 752,96 ;Travel;Creptio decet admoneo caelestis contigo thorax.
Alexandra Williamson;6/6/2023;1559.90;Office;Quisquam tunc virga addo speciosus sunt.
OLLIE WUNSCH;2023-07-24;3704.08;Health;UNDE VICISSITUDO TOTAM XIPHIAS LIBERO USQUE CAUDA COMMINOR ADDUCO.
Vickie Cartwright;6-13-2023;819.66; other ;Optio blandior aeneus.
Patsy Kuhn;5-20-2023;6257.52;FOOD;Vinculum defungo subito caput.
  Erin Baumbach-Kuvalis  ;25/4/2023;4825,59;Office;Comedo tempore avarus ducimus animi.
Roxanne Farrell;1-5-2023;1161,25;Food; Verumtamen denego ex molestias bonus terror. 
David Okuneva;27/12/2023; 2051.54 ; Health ; COLLIGO SUADEO CADO ABUNDANS UBERRIME ADVOCO SOLEO. 
  ELOISE FISHER  ;1-12-2023;7844,38;Other;Aliqua ipsam curo tenus tripudio tantillus cimentarius.
  phil schowalter  ;2023-05-02;1241.32;Travel;Vespillo triduana arguo crudelis combibo tepidus.
  dr. christine schuppe  ;4/4/2023; 1277.67 ;Other;VESPER AMOR CRUR CURIA.
Irene Keeling;27/3/2023;7817.16;HEALTH;Admiratio triumphus tabesco repellendus volup unus.
dr. lowell stokes;8/10/2023;4391.82; health ;Acer cura deludo alter eius suasoria.
Ryan Schamberger;17/5/2023;5327,84;health;Cupiditate cogito accusamus delibero vigilo occaecati verecundia cariosus arbustum celo.
DREW KOZEY;2023-04-02;6639,09; Health ;TANTILLUS VENTOSUS MAIORES NON VIRILITER SOLVO VERTO RATIONE FUGA.
  Arthur Grady  ;2023-09-02;7344.02;OFFICE; Speculum careo adipisci id admiratio ocer ullam. 
viola yundt;10-27-2023; 4004.04 ;Food;Accedo defaeco cinis hic deinde thorax.
Jean Mohr;2023-11-11;1966.29;Health;Deserunt suscipio theatrum arx tristis reprehenderit campana ad collum.
Debra Schroeder;2023-06-16;2977,03;Food; Concido stultus ustilo tepidus quidem. 
  MARCELLA HILLS  ;2023-01-03;9208.73;Food;CIRCUMVENIO COMMODO DEPRECATOR CENO CURSIM SPECULUM CUM TENDO ITAQUE.
wilfred hoeger;23/1/2023;1354.33;Food;curto vestrum volubilis supellex comedo.
Ronald Heathcote;10-26-2023;341,54; Other ;Ipsam apto quis voveo.
  miriam kris  ;5/12/2023;9231.77;Other;Compono nisi bene autus thymbra aranea tersus.
  essie heidenreich  ;4-1-2023;9550.83;OFFICE;APPARATUS CUNAE VINDICO.
alfred becker;12-26-2023; 3430.06 ;health;Utroque cunctatio blanditiis thermae tenus aegrus sordeo cohibeo succedo iure.
  Reginald Hermiston  ;14/1/2023;4708.73;Food; INCIDUNT PARIATUR DERIPIO STABILIS PECCO. 
  BRANDY SKILES  ;9-11-2023;3745.86;other;adulatio alii subseco audio ambulo absorbeo.
andy dickinson;30/1/2023;755,25;Food;Adduco aestivus unde crinis aduro tempore abundans capio.
  Edith Schaefer  ;5/7/2023;3279.80;Travel;cenaculum accusator utilis nihil basium ter.
Horace Goldner;13/4/2023;3358.97;travel;Conturbo velum vereor.
  Hilda Hickle  ;25/4/2023;3270,18;Travel; Terreo terreo velociter spero approbo. 
GERALD JACOBI;7-10-2023;4533,15; Office ;Adinventitias temptatio balbus dolore vapulus via sonitus.
Lynette Shields PhD;12-17-2023;1465,56;Travel;Delinquo tamquam celer decens attollo vestigium defleo repellendus.
  drew ratke  ;2023-02-23;214,60;Travel;absque apto textus.
Krystal Kling;2023-11-10;8203.57;Other;Vigor virgo alioqui tyrannus sunt trado adopto aestas uberrime caelum.
Cory Schaden;2023-07-20;8493.63;TRAVEL;Colo caput ab aequus.
kristi dickens;2023-05-30;9174.84;Health;RATIONE VER REICIENDIS.
Mr. Julian Gerhold;2023-08-07;1961.62;office; vorago supplanto acervus totam ante fuga damnatio amplexus quas defungo. 
tammy waters;2023-02-04; 1715.91 ;Office;Decumbo suggero ait.
Virgil Hoppe;27/4/2023; 4495.51 ; Other ;Amplus speciosus cum adhaero averto crapula.
Dawn Schamberger;2-6-2023;8227.67;Travel; Clibanus complectus est totidem comparo. 
Carroll Luettgen;2023-01-15; 7725,34 ; Food ;Textor perspiciatis caelum sponte rerum uter cursus minima cognomen curto.
Deanna Cartwright I;1-2-2023;7633,31;OTHER;Acsi approbo villa.
daisy beier;1-17-2023; 3164,98 ;Travel;Venio subseco appositus spiritus cognatus cariosus.
JANE COLLIER;2023-09-05;1924,07;travel;Aut tamdiu cena trado sto absconditus.
  Jessie Farrell  ;8-9-2023;2339,58; Food ;ventito stultus solitudo volaticus fugit tersus.
Brandy Stiedemann II;9-18-2023;9243.56;OFFICE; adhuc surgo cupressus decretum defessus cito advoco demitto ullus. 
  Sabrina Kling  ;20/2/2023;2616.55;Office;Fugiat velut sto perferendis.
Benny Williamson II;12-21-2023;9715.76;Food;Similique calco quisquam conitor.
Carlos Russel;21/4/2023;9337.50;food;depromo vulticulus antiquus.
Minnie Kulas;6-9-2023;5316.18;FOOD;Vehemens sol communis cui.
  Ms. Cathy Robel  ;23/2/2023;4516.68;Health; Termes dedico exercitationem vicissitudo contigo celo conduco. 
  Marsha Hermiston  ;10/5/2023;8158.83;Office;Velit vomica confero temperantia pauper celo accendo catena timidus.
Dr. Gerald Bartell;2023-01-08;3348,65; Travel ;AUDIO CREATOR ESSE SULUM ATTERO SPECULUM.
RUSSELL LITTLE;5/6/2023;7225.79;Health;Adsuesco pecus ut turbo bardus vomica curia arcus antea.
Ms. Joanna Bosco;23/8/2023;1289.81; Office ;VOLO ULLAM CONSEQUATUR VIRGA CAPTO ULTRA CONTIGO VESTER.
Josh Witting;2023-09-10;160.07;FOOD; Vilitas utrum deduco neque suadeo vitiosus. 
  Janet Boehm  ;6-19-2023;4132,51;Food;UMERUS SURSUM NESCIUNT CORROBORO SPERNO VELIT ADMITTO DUCIMUS SUBITO.
Dr. Jermaine Marvin-Veum;8-19-2023;4692.40;Health;Vetus textor curto ara ago cruentus sequi.
  Marie Rowe-Adams  ;2023-02-11;1079,54;OFFICE;AUCTOR CURVO CORREPTIUS TEGO VELUT TUI UBERRIME CREPUSCULUM.
brent abbott;2023-11-08; 1891.18 ;Other;Conicio viscus arbustum vis.
robert daugherty;2023-02-13;104,52;Travel;Tubineus bene debeo crapula.
latoya boehm;2023-07-31;5385.92;HEALTH;Celer arca artificiose ventus vero truculenter defetiscor abbas depromo numquam.
Daniel Bernier;9-17-2023; 2624.32 ;Office;Saepe depulso centum.
Thomas Strosin DDS;7/2/2023;1500.71;HEALTH;Paens cuius provident defessus desolo.
miss allison hilpert;1-24-2023; 366.90 ;HEALTH;ANSER EIUS TERMES COPIA DEMULCEO ACQUIRO COMBURO QUOS TACEO CREDO.
  Jonathan Runolfsson  ;12/4/2023;3273.45;Office; Sto amplexus minima. 
Elbert Kemmer-Hamill;20/12/2023; 613.64 ; health ;Totidem cibo arbustum degenero vel.
June Rogahn;31/1/2023;8393.23;Health; Vestrum adicio verumtamen stipes spes. 
Jorge Hane;29/8/2023;4879.00; Office ;Sperno textilis contra cupressus capitulus adsidue quisquam adopto tenus.
Lula Gerlach;28/2/2023; 1646.74 ;Travel;Abduco condico conqueror.
Dr. Dennis Haley-Green;2023-11-19;6339,63;Other; abscido caelum adicio aufero trans stabilis eaque adnuo. 
Timmy Wintheiser Sr.;8-11-2023;5026.29;Travel;Temeritas auctor tyrannus voveo cerno alioqui super.
GREGORY CRIST;2023-06-08; 3966.95 ;HEALTH;Delibero sufficio thalassinus utrimque delibero magnam capillus deripio.
MEGAN O'KON;1-24-2023;6175.21; Health ; Cur consequuntur atavus vito triduana trepide. 
becky howe;2023-11-30;3606,01;Office;Sodalitas solutio creber caritas crur sint consequuntur.
KENT EMMERICH;1/4/2023;7401.65;Food;Ad voluptas cubicularis usitas tumultus alter.
Mario Jones;2023-12-05;7312,73;food;tyrannus agnosco totam pariatur decet aspicio cibus apparatus.
Dominic Lindgren DVM;29/5/2023;4232.11;Food;Tumultus aeger vapulus blandior sub cotidie dolores usitas totam.
Peggy Hahn;21/10/2023;6287.31;HEALTH;Cotidie cunae delicate crastinus contigo.
Melvin Homenick;2023-09-29;4309.04;FOOD;Theologus commemoro cunctatio traho eos sub crapula capto.
HENRIETTA WEST PHD;5-17-2023;4044.71;Food; Ratione doloremque certe patrocinor appositus ipsam. 
APRIL TRANTOW;5-4-2023;2991.42;other;comminor corrumpo tamen conturbo ceno voluptatibus veritas.
Gina Conroy;21/5/2023;9977,82;Travel; Adopto enim virgo terreo quae ara laboriosam sum subito. 
Armando MacGyver;3/1/2023;8228.03;Other;utilis antepono volup soluta mollitia comis architecto antiquus vae.
rhonda torp-trantow;2-19-2023;4665,75;Travel;deserunt testimonium admoveo averto temptatio cuppedia.
nelson murphy;1-14-2023;254,86;Travel;Sursum comptus vita ultio bibo.
regina reichert v;2023-10-12;8804,67;Food;Ascisco cibus amplexus vacuus tutamen voluptas explicabo pariatur.
lucia harris;14/6/2023;9662,36;Food;Doloremque defetiscor socius nihil aliquam suscipio.
DELIA HYATT;5-28-2023;7953.81; travel ;Attero averto numquam caput varietas sponte repellat versus.
jill welch;4/1/2023;2220.01;Office;id cursim acquiro aeger tener quae tum cognomen artificiose.
Suzanne Terry;4/12/2023;924,93;health; Quasi vulgivagus vulticulus. 
  Francis Predovic  ;7-28-2023;2614.05;Travel; delibero decumbo conicio studio antea ulciscor utique basium delego. 
Ernestine Predovic;10-19-2023;2626.84;Food; Claudeo venia bis peior desidero beatus bos candidus beneficium. 
Dr. Maurice Abbott;11/5/2023;3612.52; food ;Bellum sumo ustulo illo.
Russell Bosco;17/3/2023; 9208.51 ;Food;Solio alter cetera coniecto sperno carcer.
jon rau;3-2-2023;3913.10;OTHER;Creber contigo charisma claro ullam versus asperiores somniculosus.
  CLARK KUPHAL  ;10/12/2023;7688,42;Health;ascit suffoco tabula catena vester venia vomer autem cernuus.
Lyle Aufderhar;7-22-2023;3751.18;OFFICE;Delicate congregatio advoco tui casus.
Whitney Gerlach-McGlynn;8-19-2023;6726.36;HEALTH;Cupio dicta cometes aurum tumultus arguo cedo.
Jessica Flatley PhD;9/8/2023;591.07;Health;defero vere venustas spero caelum tabula.
  Roderick Miller  ;3-25-2023;2621,12;FOOD;deorsum subito concedo tactus utpote.
Ross Zboncak;2023-03-17;4563.89;health;bene tenuis carpo utilis.
  Jack Prohaska  ;16/4/2023;3071,22;Food;adeo amplus infit tyrannus dolorem canonicus alter civis.
JOHN REYNOLDS MD;14/1/2023; 6613.09 ;Food;Vinum substantia adamo amplitudo sto vester.
  Roman Pagac  ;4-1-2023;3060.90;Travel;Veritatis curia similique coerceo terra annus exercitationem.
derrick altenwerth;13/9/2023;6068.86;Office; accusantium vacuus quos deserunt aureus vaco libero vulgus sophismata. 
MISS ESSIE VON;6/6/2023;8220,39;travel;Conventus urbs sponte aggredior sint eligendi aqua.
Glenda Robel;1-2-2023;5232.36;food; Absens velit adduco. 
Ms. Kerry Jaskolski;3-13-2023;2026.70;health;Ocer terebro adulatio decor barba statua aureus.
Courtney Kihn;13/9/2023;6182.83; Travel ;Decipio summopere damnatio umquam pauci.
Julio Kuhn;6-14-2023;3583,26;Health;TALIO INVENTORE SAPIENTE TEMPORA.
  Della Bednar  ;2023-11-03; 7503,10 ;OFFICE; TEMPERANTIA VENTUS VAE DEFETISCOR SUFFOCO ACERBITAS. 
Vickie Schroeder-Beatty;6-10-2023; 7128,23 ;Other;Mollitia coruscus absens celer coruscus tego peccatus decor cohors absque.
Van Satterfield;23/7/2023;7450.11; health ;COHAERO ADULESCENS ATAVUS.
IAN REICHERT;2023-06-22;7492.46;HEALTH; Conspergo campana collum. 
jacob collier;10-5-2023;2851.96; Travel ;Pariatur delibero id vallum patior a arbor omnis itaque.
Lynn Lind;22/10/2023; 2070.59 ;Health;SUSPENDO AGGREDIOR AVEHO DOLORE.
MRS. LORI BATZ JR.;10-15-2023;9663.93; Other ;Bellicus aliquam versus paulatim alo arbitro.
  Billie Hartmann  ;2023-03-26;1100,59;Food;Solum suppellex caute tergum virtus bonus.
  Kerry Barton  ;30/4/2023;7859.31;Food; Rem coniecto cernuus bene id thorax pecto. 
  Milton Auer  ;26/4/2023;1.30;health; bellicus atque cumque confugo thymbra stipes conturbo sto suffragium. 
tyler bruen;23/1/2023; 863,48 ;Health;Aequitas tempore sublime cum.
Jill Borer;10-19-2023;7764.58;Travel;Praesentium carbo timidus cribro possimus maiores cedo cavus.
Elisa Fritsch IV;26/12/2023;479,03;TRAVEL;Astrum candidus cito confero sortitus doloribus cresco culpa.
JOEY RICE;28/11/2023;9463.51;OFFICE;Demum peccatus adflicto conqueror ater paulatim sublime catena ullam.
ISAAC KIEHN;2023-09-29;6147.42;office;ULTIO VITAE CAUDA SPICULUM ANTEA ATTERO BAIULUS DEDUCO PAULATIM.
Alan Rowe MD;2023-02-06;1942.08;health;CLAM SUUS ARA SOLITUDO NEMO.
Sharon Nienow;9-12-2023;2575,87;Health;TOTIDEM CARPO DEFLUO THECA VENIA EOS BIS ADULATIO.
Tony Blick;10-22-2023;279,31; Office ;CURO OPTIO EOS CANONICUS CONCEDO MAXIME.
  Kimberly Lindgren  ;4/1/2023; 3211.81 ;other;Suasoria antea pel varius impedit cervus colo.
Santiago Feest;11-9-2023;8869.74; travel ;odio deprecator textilis conspergo tempora suadeo depopulo succedo.
Benny Goldner;2023-12-24;9149,43;food; spoliatio conicio cogito. 
dr. caroline fritsch;2023-08-21;8671,29;HEALTH;Cogito omnis audacia a.
Miss Christy Schaden;12-25-2023;8927,03; Travel ;VIDELICET VARIUS BARBA.
elmer dicki;2-2-2023;454.67; Health ;Crur tolero adiuvo celo vito.
Dora Wisoky;23/7/2023;1569.09; Food ;Culpa considero atrox calco debitis circumvenio uredo doloribus synagoga ipsum.
MACK ROGAHN;5-29-2023;3352.88;Travel;canonicus vulgus adiuvo studio stipes corrupti eveniet adinventitias eos esse.
Estelle Kohler Jr.;12-26-2023; 681.84 ; Health ;Cubitum absorbeo uxor utique vinitor sui damno aqua.
  Jimmie Huel  ;2023-06-16;4028.23;OFFICE;Tamen cicuta terebro.
frank effertz;10-12-2023;1213.88;Office; Temptatio curatio ventosus corroboro. 
harold larson;28/3/2023;5144,97;Other;AGO CENTUM APERIAM SUPPONO RERUM ABSCONDITUS.
PABLO LOWE;10-11-2023;3858.08;TRAVEL;Vesco thermae cur cimentarius allatus.
  gertrude stark  ;26/11/2023; 5716.61 ;Office;Sui depopulo summisse accendo studio atque cuppedia.
Lynda Boyle;2023-04-24;1046,21;Travel;convoco ancilla bellum vos ustulo crepusculum usque adsuesco acervus tamisium.
percy weimann;5/7/2023;3095.08;Office;Uxor confero abduco vere cinis ustilo cenaculum confido astrum utique.
rosemary conn;2023-07-22; 6441,05 ;food;Necessitatibus tres despecto advoco magnam cunae comparo crur modi.
  PAULA TOY SR.  ;23/6/2023; 2625.59 ; Travel ;vitiosus spero terebro libero adflicto caterva repellat.
salvatore lang;20/8/2023;2430.11;Food;ADEO AMPLITUDO ARA TEXTUS TABGO VOX DEPRAEDOR AMICULUM CHARISMA.
LELA WHITE;7-14-2023;6066,75;Food;amoveo suffragium utrum textor aliqua dapifer vinco.
  Roxanne Kuhn  ;2023-03-11;2465.32;Other;REICIENDIS DECIMUS CIRCUMVENIO DICTA RATIONE TERROR CRAPULA VOMITO.
  Iris Harber  ;1-27-2023;6189,08;Travel;Cariosus concedo vinum delego abutor.
Alexandra Prosacco;1-24-2023;917.53; Travel ;Suscipit amaritudo ciminatio uredo sed coerceo tenax defetiscor.
RUBY BRAKUS;2023-01-24;723.05;Food; asporto demo alias varietas depono numquam auxilium uter cupiditate quos. 
TODD CRUICKSHANK;12/12/2023;3325.70; Travel ;Ventosus cultellus unus.
Darin Koch;1/4/2023;4726.64;office;Amitto totidem adeo tergo sit.
Noel Abshire;5-28-2023;1895,34;Office;adicio at casus avarus crudelis caries sortitus.
MINDY STREICH;23/4/2023; 9612,00 ;Travel;Alii comis surculus desipio minima spargo via.
  DIANE RATH  ;16/8/2023;6754.33;Office;Coaegresco admitto spoliatio talio demo perferendis cur.
Doreen Lynch;2023-02-13; 5968.67 ;Travel;textor subnecto sollers placeat valens ab numquam.
angelica cassin iv;7/6/2023; 1585,16 ;Travel;Abutor eos careo succedo tremo causa suggero abbas aro cariosus.
lorenzo cremin sr.;2023-10-27;3295,31;Travel;Non aduro beatae voluptas.
carmen veum;13/3/2023;2842.41;Health;Ventus deficio adeo.
Wendell Corkery III;4-18-2023;7697.03;Travel;Considero valetudo tantillus.
Dr. Allen Rice;5/7/2023; 6662,57 ;other;comitatus aspernatur adsidue agnosco defetiscor.
Willard Padberg;8-17-2023; 4752.11 ; TRAVEL ;Sed vulnus aliquid excepturi conculco torqueo coerceo natus amicitia.
dr. dora dicki;5-23-2023;7714,84; OTHER ; Cubicularis officiis cognatus tardus damno fugiat depraedor est alo denuo. 
Raul Smith;3-12-2023; 8902.99 ;office;STIPS CARIOSUS ANNUS UBI DECENS.
  Barbara Padberg  ;2023-09-03;4929.90;health; CARIOSUS DOLORES TEXO COMMEMORO ADHUC PAENS VOMITO TRICESIMUS CONSUASOR VIRTUS. 
  Oscar Sporer-Feeney  ;2023-12-01;3999.09;Health;COMITATUS IURE TERMES SOL SUCCURRO APERTE DECENS CONCIDO VIVO.
GERALD BAILEY;10-30-2023;9537,38;OFFICE;Arto paens admoveo vindico barba bos facilis admoveo certe cuius.
dr. saul nienow;5-9-2023;8305,63; Other ;VENTUS ID VILICUS.
  sylvester lindgren phd  ;2023-03-09;4370,87;Food;virga subiungo aeger subvenio caput uredo bellicus patior audacia asper.
Joe Lebsack;12/6/2023; 7841.70 ;food;tamen alius curtus.
Wm Beier-Stoltenberg;3/6/2023;5737.59;Health;Impedit dapifer recusandae agnosco somnus beneficium degero adficio annus.
  Krista Bogan  ;22/3/2023;2274.33;Office;Aveho laboriosam cupiditas quam delinquo sublime beneficium carus.
Shannon Kunde I;8-29-2023;3817.26; Health ;Amplexus adulescens tibi aeger.
Jacquelyn Luettgen;2-20-2023;311,96;Food;Chirographum delectatio demum tenus comitatus antepono vox nemo.
Brittany Padberg;3-31-2023;7954.87;TRAVEL;Solvo ademptio vulgaris barba antea verus aspernatur vox.
Caroline Smith;8/2/2023;9697,06;OTHER;Textus adeptio anser sulum verto ver varietas ipsam.
  ERMA TREUTEL-WALTER  ;12-9-2023;9592.50;travel; terebro ventus dignissimos vociferor vobis. 
Tracy Shanahan-Klein;1-26-2023;6971.75;Travel;Admitto videlicet audio quos possimus.
Fred Kunze;2023-12-29;9564.68; Health ;Acies ocer vaco.
cedric grant;8-28-2023;7721,15;Food; Vaco pauper acquiro vado cupiditate attollo. 
Blanche Balistreri;10-13-2023; 5439,76 ;Food;stips decimus validus ter attollo adstringo substantia votum articulus.
Mr. Devin Berge;11-22-2023;9886.96;Other;Aduro custodia denuncio varietas.
Roland Berge;21/6/2023; 2277.10 ;FOOD;Distinctio canto suffoco sui speciosus creptio.
Mr. Russell Daugherty;2023-12-07;8286.44;Health;Conatus apostolus aegrotatio et labore sublime.
katherine cronin;2023-07-13;3323,82;health;Deinde studio ascisco molestias.
  Willie Rath  ;15/12/2023;9501.90;other;Creber angustus ventus teneo conservo sortitus uberrime coniuratio.
Priscilla Paucek;1/3/2023; 4493.60 ;Other; annus verbera correptius officia crastinus tabgo paulatim. 
dorothy tromp;2023-10-25;7752.21;OTHER; Super labore decimus ullus. 
Myra Reilly MD;7/4/2023;2301.69;Other;APERTE CATERVA STIPS CONCEDO BLANDIOR ADFICIO SUADEO ET STABILIS.
Veronica Lueilwitz;11-4-2023;7267.37;Health;Terminatio adduco admiratio claro vilis quod circumvenio adulatio.
dr. spencer veum;29/6/2023;5283.27; travel ;Sunt trepide temeritas currus possimus laborum.
KENNY BEER;22/7/2023;2963,12; OFFICE ; Volaticus ventosus surculus. 
Ryan Lubowitz V;2023-12-14;7918.72;travel;Uxor attollo utrum adicio acquiro pecco bene avaritia curto.
HOWARD ZEMLAK I;2023-06-25; 259,80 ;Health;Attonbitus tyrannus calcar capto ars terror fugit.
  Mr. Ryan Balistreri-Braun  ;28/12/2023;2494.89;food;CASUS SONITUS AMBULO AVARUS ADOPTO TUTAMEN TEXTOR COHORS.
Marty Predovic;2023-09-06;5321,83; Food ;Praesentium deludo apto sperno.
  Saul Cronin II  ;2023-05-08;5358.63;Office;STRENUUS TENUIS VALENS AQUA COMES VENIAM TERES.
Brian Hand;1-31-2023;4631,28;Food; Aveho utpote cumque ter suffoco. 
KRYSTAL DENESIK;12-17-2023; 232.38 ;Food;CURIA PAX AUREUS STIPS.
CYNTHIA WOLFF;11/2/2023;6377.33;Other;Tergiversatio tribuo delicate cibo tutamen umquam ater auditor.
Ms. Luz Fritsch;2023-12-02;4446.99; FOOD ; Conculco patruus ustilo suppellex. 
Arnold Spencer;2/11/2023;4420.45;Travel;Pecto tutamen sol quo temporibus dedecor vesica stella cribro tardus.
JASON KERLUKE;2023-04-02;70.62;office;Compello conforto demergo nulla suffoco harum tardus.
mamie gerlach;9-9-2023;1493.75;Food;Candidus summopere ademptio optio sunt.
Emily Emmerich;1/4/2023;9841,97;Office;Dignissimos sumptus ater desino odio tepidus ut curia tepidus.
Yvonne Nolan;1-18-2023;182.62; travel ;libero vinculum vallum asporto decumbo demens.
  Kristine Fahey  ;2023-05-15;7635,75; Food ;Cilicium vehemens teres labore aetas tempora.
Natalie Harber;27/11/2023;6922.09; OFFICE ;Caveo absconditus creo volutabrum carus amiculum aperiam.
  Alberta Schuppe  ;19/11/2023;2637,04; OTHER ; antiquus cursim summa confido alias molestias sollicito avarus. 
Jamie Feest;2023-05-18; 940,21 ;Other; INVENTORE NEMO DEDECOR CAUDA CONATUS CURIS CONSPERGO AMOVEO. 
Lucas Schamberger;2-4-2023; 1452.08 ;Food;Deprimo sponte sed apto virtus vir arto ceno aspicio aequus.
ELLIS CUMMERATA;2023-10-21;4315,18;other;Soleo vetus verbum vulpes.
  MABEL CONSIDINE-JAKUBOWSKI  ;2023-03-23; 1299.99 ;Travel; In apostolus alo voluptatem tolero conqueror. 
Annie Pacocha;12-16-2023;8764.62;Health;admoveo sumptus auditor pecco credo.
Marcia Tillman;7/3/2023; 4656.42 ;TRAVEL;asperiores nesciunt aut avarus patria eveniet celebrer pecto excepturi.
lena von;2023-08-10;5281.78;other;Stillicidium arbustum conscendo adulescens uterque ustilo stultus arbustum careo torqueo.
Dr. Bruce Pacocha;11-29-2023; 8284.93 ;Office;Tandem abstergo debitis calcar peccatus maxime.
lance price;21/9/2023;3904.53;Office;aiunt ventosus cornu laudantium tener tertius distinctio cornu.
marlene kihn;2023-10-31;3441.70;food;velit talus ab dignissimos thesaurus dedico sunt terebro.
Bridget Lakin Jr.;14/11/2023;1546,51; Travel ;Quo decens sub adduco stillicidium celo atqui.
Miss Dianne Smith;11-29-2023;5247,30;Office;Vulgivagus in cervus debeo agnitio suspendo volutabrum studio quae.
DR. RODOLFO BATZ II;2023-06-02;5383.42;Other;Bene cornu caecus comes cunae tam vos commodi fuga consequuntur.
Joanna Denesik;2023-05-27;8720,49; Travel ;Tribuo suspendo balbus varius voluntarius cum dolore convoco tendo.
Mr. Terrence Feeney-Dickens DVM;1-28-2023;3815,86;Food;Defungo coniecto deduco vulgaris creptio tener attonbitus decimus calamitas.
Orlando Swaniawski;2023-02-28;994.90;food; Comes turbo vestigium spoliatio canonicus pectus tepesco. 
Gail West;20/12/2023;4889.02;health;amoveo utrimque nobis sperno conitor solum venustas tabgo terebro celebrer.
  MR. MACK JASKOLSKI  ;5-17-2023;8614.52;OFFICE;blanditiis cohibeo conturbo vapulus totus vulgaris.
Dr. Trevor Lueilwitz PhD;8/12/2023;5068,06; OTHER ;Amissio decimus attollo celo dens.
  ERIK LEANNON  ;22/1/2023; 2855.42 ;Food; DEFESSUS CONCIDO DENS CUR CERNUUS STRUES CAREO TENAX. 
Sue Nolan;20/9/2023;4789.40;Food; Vito charisma spes admiratio accusantium thorax astrum comedo. 
Marjorie Wilkinson;30/4/2023;7359.68; Travel ;vilitas creo allatus chirographum.
dave buckridge jr.;2023-01-27;4803.04; food ; Et deinde ciminatio accusator magni animadverto. 
Lucy Rempel-Beer;21/10/2023;8579.52;FOOD;SUBNECTO ANTIQUUS PAENS CULTURA COADUNATIO CULTELLUS QUIBUSDAM SUPER.
Mario Wolf;17/9/2023;3421,18;travel;Textor una facere alter tergeo carbo cunctatio vesper talus.
JAMES TERRY;2023-03-17;9820,90;Other; Calamitas necessitatibus defendo trepide saepe cubitum sufficio dapifer comburo arcesso. 
  Shelly White  ;15/12/2023; 6513.89 ;Health;Terebro demens contra dolor autem arcesso sortitus sub.
Julian Stroman;2023-05-17; 5309.89 ;Food; Abbas deorsum sequi speciosus aggredior victus terebro cattus sustineo. 
Josefina Gutkowski;4-13-2023;8535.57;Office;votum spoliatio villa tum eos.
Miss Sally Schiller PhD;9/5/2023;2120.00; HEALTH ;Tremo conqueror cernuus comminor asperiores ea tollo.
justin hammes;28/11/2023;2501,36; office ; Arcesso alveus vulticulus vomito. 
Jacob Purdy;2023-12-19;9372.38;health; Maiores laboriosam carmen aliquam degusto thorax validus tonsor. 
cornelius stamm;25/4/2023; 8351.66 ;Food; Bis virtus delectatio. 
Kristina Collier;2023-05-29;8323.32;Health;Volo apostolus valde delego.
Allison Dickens;4/8/2023;6419.67;Health;suasoria currus minus.
krista predovic;11-18-2023;847,23;Health;harum neque congregatio demitto veritatis vox thermae.
LEAH WARD SR.;2023-12-26;7311.09;OFFICE;Cunabula amissio angustus ventito desidero voro consequuntur verecundia.
Essie Monahan;8-9-2023;5808,44;office;TEXTUS CUR VELUM VESTRUM SOPOR ARTIFICIOSE VIVO VOMER DECOR AESTIVUS.
  JORDAN PFEFFER  ;3-29-2023;218,30;FOOD;Teres doloribus accusantium soleo corona patior.
  Nadine Gerlach-Rowe  ;1-25-2023;7855,67;food; condico debeo vae ulterius aedificium dolorem officia tergo. 
MR. BRANDON HAUCK IV;2023-05-07;7302,83;other;Suadeo antiquus vitium terror sperno degusto maiores.
DR. DEXTER HOEGER SR.;31/3/2023; 8859.05 ; Other ;EAQUE ADFICIO PAX DELEO.
Miranda Larson;2023-08-05;8371.18; Travel ;tripudio vere triumphus teres subito.
ALBERTA PFEFFER;22/7/2023;3587,02;Other;AGGREDIOR AGGERO PAUPER CHARISMA CONSTANS BENEVOLENTIA.
Marcus Tillman PhD;29/4/2023;2787,76;Other;Suffragium vesco officiis audeo aetas xiphias adamo apparatus cursus autem.
ron turner;26/2/2023;1059,74;Other;ANCILLA TORRENS TENETUR BARDUS.
  Ernestine Weimann  ;1/8/2023;7598.00; Office ;aer decumbo totus cubo pax tui tristis corrumpo conduco.
  Van Pouros-Toy  ;2023-07-10; 868.96 ;Food;Aranea ante sperno compello cognomen amor tactus crustulum.
BRENDA SCHMIDT;2023-10-04;6875.99;Food;Atrox amplus spes ipsum aeneus basium sonitus verecundia defleo comburo.
lloyd runolfsdottir;2023-06-07;8030.32; Other ;voluptatibus tabula socius accusamus creber vivo.
Emilio Boyle;5-26-2023;3993.77;Other;timidus crux alienus.
MALCOLM HUEL;2023-06-25;6919.63;health;Veritas recusandae aegre coadunatio cui.
  Adrienne Fay  ;2023-08-16;2126.16;travel; sed adipisci incidunt utrimque comitatus deleniti curtus. 
Mr. Julius Torp DDS;3/8/2023;1249.55;Office; A argentum canis thesaurus cuppedia omnis magnam abduco tonsor. 
Carrie Leffler;9-22-2023;9008.61; office ;civitas molestias angulus vociferor adficio.
MR. CORY TROMP III;2023-02-10; 6036.97 ;HEALTH;Terga temeritas autem paens vitiosus quis.
Louise Emmerich;3-10-2023;3757.46; office ;Attonbitus talio tabernus temperantia patior deficio.
Jane Aufderhar;4-24-2023; 7670.24 ;Health;Communis vos desparatus conatus spiculum asperiores arceo barba.
Dr. Ross Gorczany;2023-04-11;9307,25;Office;cometes sub ut advenio.
JACOB GIBSON;5-12-2023; 4082.03 ;Travel;Totam bis copiose.
  amber emmerich  ;2023-11-07;2496.91;office;AGGREDIOR APUD ADVENIO COAEGRESCO EXERCITATIONEM STRUES.
Lena Medhurst;10-9-2023;691.53;office;Illum utilis asper vociferor claro arx ab acervus quisquam.
Mr. Tyler Murazik;2023-01-27;6414.89;Health;Temporibus conservo creo carmen cenaculum arceo atqui.
Guadalupe Dickinson IV;5-24-2023;5848.37;Health;Alias villa temperantia tero copia placeat tutamen.
Arlene Lesch;22/7/2023;2849.90; travel ;Delectatio spectaculum apparatus eius creber arguo vapulus tracto.
Wanda Will;29/4/2023;285,85;food;Velit maiores accedo alioqui.
Sonya Considine;11/8/2023;1406.09; HEALTH ;Veniam occaecati uxor caecus speculum.
Nina Batz;11-30-2023;2767,80;Travel;AUDENTIA CAPUT USUS ASPICIO.
  Mr. Gustavo Mraz  ;27/10/2023;3269,47;Food; cur neque bellum conatus recusandae quaerat quas. 
Santiago Yost;18/12/2023;2080.83;FOOD; terebro teres deprecator ratione caveo odit itaque abduco. 
Diana Gerlach V;5-19-2023;8426,22;Other; Caste amplus cavus compono convoco vinco ventosus ea. 
Mrs. Janet Toy;8-28-2023;6430.25; Travel ;error utroque centum color agnosco qui dapifer amissio collum.
Kerry Volkman;3-15-2023;5952.94;Travel;Ante claro claro deorsum patior nulla.
Esther Lind;23/7/2023;7650.43;Travel;Mollitia sophismata veritatis commemoro cognatus tumultus rerum deduco.
christian bosco;30/8/2023;2689.83;Other;APPARATUS DEMO TAMETSI MODI.
Jared Lehner;2023-07-22;61,31; Other ;Acsi corona infit.
Rhonda Feeney;10/5/2023;1696.49; Health ;minima voluptatibus volutabrum nihil voluntarius sophismata urbanus sto quia certus.
  mr. stephen quigley  ;15/7/2023;1368.19;Travel;Officiis vergo sursum impedit totam verbera carus.
BRENDAN HERMANN;2023-11-30;6774.77;Office;Caelestis esse canonicus avaritia.
Lamar Keeling;8-29-2023;9680,68; Office ;Verbum articulus delibero cribro incidunt delinquo vinculum turba coepi temperantia.
miss miriam collier;5/1/2023; 900,62 ;Food;Spargo ulciscor quidem casso deduco terebro aggero suffoco antea.
Kristopher Towne;2023-09-11; 1910,79 ;Office;AGGREDIOR CUPIDITATE ENIM USTILO DEPORTO AMPLITUDO UTIQUE.
  garry skiles iv  ;2023-08-19;6434,02;Travel; COGNOMEN AB EXCEPTURI TEXTILIS VELOCITER VENUSTAS. 
  Marlon Zemlak  ;2023-07-05;345,89;TRAVEL;Autem bos cribro quaerat ciminatio adulescens blandior tergiversatio.
Gilbert Predovic;2023-08-27;223,30;travel;Abscido aro cenaculum copia repellat aestus.
Cedric Grady;2023-02-15;2291.19;Health;sursum soluta amet conor virga utique statim cui sufficio.
  Charlotte Mayert  ;2-27-2023; 2907,40 ;Other;Arcesso ara adhuc.
Hattie Wiza;2023-08-23;2885.34;Travel;Ascisco antea amitto soluta.
  Miss Eileen Hagenes-Botsford  ;2023-06-21;4488.35; OTHER ;callide adicio vesper verus venia audacia sit est subiungo tantum.
ANGIE CHRISTIANSEN;9-1-2023; 793.63 ; TRAVEL ; Sol sopor synagoga ubi arca distinctio provident. 
JERALD SPORER V;2023-03-05;7963.06;Office; patria tersus usitas deprimo tollo validus. 
ISRAEL KONOPELSKI;16/5/2023;3727.70;Travel;Tutamen nisi dolorem adhuc ambitus auctus centum celebrer.
WILFRED LANGWORTH;2023-03-18;3887,99; TRAVEL ;Vero damnatio amor vestrum timidus cogito verbera curatio.
Elbert Davis;30/8/2023; 5185.70 ;Office;Iusto triduana aetas tempora turba.
STEWART BATZ;1-7-2023;2701,55;travel;Exercitationem aranea qui cogito xiphias ademptio calculus.
Stuart Nikolaus;20/1/2023; 9596.69 ;Other;utpote tempus magni verus appono deprecator adeptio universe crur.
COURTNEY WITTING JR.;22/7/2023; 6958.58 ; food ;Color corporis ab admitto verto totam.
  ELSA WEIMANN  ;2023-02-24;6494.82;Food;Subito comburo vulticulus quibusdam abbas cibus cedo nemo.
BECKY BUCKRIDGE;10-22-2023;1635,57; Food ;Approbo debeo creber curto cedo magni.
Forrest Bailey;21/12/2023;646.82;TRAVEL;Conatus baiulus tergo tenuis.
  Vernon Cassin IV  ;15/7/2023; 1230.65 ;Health;Timor eos conforto attonbitus sub credo vae defessus.
Charlie Turner;12-31-2023;7302,92;Office; Terreo cupressus stips veritatis temeritas quae cotidie caecus verumtamen. 
Allen Wehner;1/7/2023; 7445.32 ;Health;Contabesco commodi tabgo sol reprehenderit non alioqui.
  Monique Fisher  ;11-24-2023;717,62;other;Victus decimus vito corrigo.
  SABRINA STARK  ;8/7/2023;8073.75;Food;talis ciminatio acidus strues vicinus suasoria.
Rose Haley;7-29-2023;9098.75;Health;adaugeo appono cogito demulceo tam cubitum aiunt iste conitor.
Sonia Klocko;2-15-2023;5103.32;Office;VOCO DECUMBO AD VENIAM STILLICIDIUM SURGO SUSTINEO CERNUUS AEQUUS VULGARIS.
  Dana Padberg  ;2023-05-26;4902.38; FOOD ;Xiphias degero arcesso amicitia crebro.
  Dr. Randal Kertzmann  ;10-11-2023; 6287.21 ;office; Audacia vulgus tertius. 
DR. LISA KULAS;11-20-2023;8822.77;Food;Adfectus substantia capitulus arx stabilis ut.
Grady Doyle;4-13-2023;1017.80;Other; Adinventitias celebrer aestivus amplexus cornu anser caelestis absconditus crapula spero. 
patrick langworth;6-9-2023;2345.04;TRAVEL; vulgaris amplitudo sui suppono hic viscus. 
Eric Hilll;2023-09-15;9094.50;Other;Enim sponte id patior.
  jacob denesik  ;9/5/2023;7624,66;Other; CONSPERGO CLAUDEO AUDEO VESPER. 
Jeannette Larkin;2023-12-12;2720,31;Travel;Nulla at triumphus vel cornu repudiandae theatrum.
Gilberto Schinner;7-7-2023;2421.82; Other ;Sumo bonus tunc articulus averto tenuis.
Abraham Bogisich;22/3/2023; 3897.27 ;Health;arbitro aliquid arca nulla.
Damon Sawayn;6-30-2023;1943,70;FOOD;aduro umbra thalassinus somnus aestas vulgo utique appello.
  Alonzo Strosin  ;2023-06-14; 1210,84 ;office;DEFLUO ASPERNATUR ADSUESCO ARCUS CREPTIO.
Mitchell Schuster;6-16-2023;2326.32;Food; venia cimentarius sol. 
luke macejkovic;4-18-2023;3340.24; Office ;Tibi cur dignissimos sponte suppono aestus possimus aperiam stultus.
GAIL LESCH;2023-08-06; 7704.53 ;FOOD;Crastinus sequi circumvenio communis aliqua talus.
  Miss Vicky Nader  ;10-30-2023;5651.37;Travel;accusator optio triduana paulatim bellicus ut defaeco.
jeffrey hammes;9/2/2023; 6576.26 ;Other;acervus velut adnuo.
  William Fahey  ;2023-05-28;2267.66;Travel;Ambitus maiores sui arbustum.
dr. willis jones;1-31-2023;6353.84; Other ;Beatae clementia barba subito aeternus vix copia.
Garry Ankunding;14/6/2023;6202,15;Office;ratione audeo pariatur.
Gwendolyn Torphy;25/5/2023; 2694.20 ;Office; Spiculum defetiscor delectus terror aliquid. 
  Joey Bins  ;15/4/2023;5645.14;Other;Vetus ut civis.
Johnnie Murphy;20/7/2023; 3507.83 ;Other;Adfectus vere defaeco demens ventito cerno contabesco cresco.
Wendy Pollich;8/6/2023;8874,06;Office;argumentum utilis ipsum dolorem.
Virgil Kreiger;6-27-2023;2653.39;FOOD;delicate vitae venio conitor cetera adficio contra debilito.
Maxine Batz;4-22-2023; 3169.06 ;Office;Facere conscendo dolorem vis vae enim comparo terminatio adsidue acervus.
Deanna Graham;11/8/2023;7080,33;Health;molestiae amitto in.
Craig Trantow;2023-03-02;2854.06;travel;Trepide arceo adulescens cado speciosus supellex.
Casey Bradtke;2023-05-17;9241.91; Office ; Defungo beatae crapula. 
  Faye Robel-Mayer  ;2023-12-20;1045.79; Food ;Cerno excepturi comes.
Christy Rogahn;12/1/2023; 4846.74 ; health ;Decumbo tempore conscendo error.
  Charlene Friesen  ;5-10-2023; 4135.48 ;health;crastinus sit timidus colligo.
Lynn Breitenberg Sr.;18/4/2023;3786.86;Other;ceno nisi vobis.
Stella Purdy;5/1/2023;3385.94;OTHER;Thermae vir appositus tribuo vetus truculenter vulgaris caput ventus cimentarius.
  Craig VonRueden  ;12/11/2023; 9590.86 ;food;VINCULUM SULUM EAQUE CALCO STILLICIDIUM TABULA VOLUPTAS.
  Sean Rogahn  ;6-18-2023;8422.55;FOOD;Utor comitatus colo caste ascisco casso conculco.
WANDA HODKIEWICZ-JAST;2/8/2023;2984.53;HEALTH;Aggredior stultus conicio dapifer asperiores.
Kelly Huel;7/3/2023;4841.85; Travel ;CORPUS DOLORUM CRUENTUS CORRUPTI TERMINATIO SUM.
Jan Prosacco V;6-7-2023;8733.31;travel; Teneo unde aggero cupiditate tristis utor acidus vitiosus. 
Jamie O'Hara;7/4/2023;6176.68;Food;Atrocitas aranea suspendo speciosus comedo civitas usus.
  MS. CARLA JERDE IV  ;31/10/2023;5559,88; Other ;Acervus vulgus calcar confero cruciamentum trado auxilium.
Jerry Corkery;2-15-2023;7023.58;Travel;Abundans sequi tremo concido clamo ademptio nam.
Sharon Herzog;2023-01-21;6895.52;Travel;Subito viridis adflicto necessitatibus caste carmen volva.
  Marty Reichel DDS  ;24/5/2023;9304,63;TRAVEL; iure cupiditate textor sufficio trado vita demoror votum. 
Dr. Pete Terry V;6/6/2023;6738,63; Travel ;Avarus consuasor ulterius commodi taceo via.
Madeline Cartwright;1-12-2023;3150.01;Health; Ventosus ipsa desino comes. 
MR. DARREN CRONA;8-31-2023;7612.67;TRAVEL;Debeo caries subnecto defleo demens incidunt comparo copia comptus amitto.
PETE ERDMAN;2023-06-25;7090.65; Food ;Spiritus conturbo tego.
  Ginger Orn  ;2023-07-15;2209,11;Other;Pecco vado undique verecundia.
Ruth Bahringer-Greenholt;2023-10-28;4135,92;Travel;Cometes sortitus absconditus deleo celo.
Brian Williamson;5/12/2023;2028,81; other ;Supra corrigo testimonium cimentarius thesis abduco bestia.
Jenna Kertzmann-Green;2023-05-21;9307.83; food ;congregatio contabesco statim abutor.
thelma pfeffer;2023-05-26;1330.77; Office ;Vestigium cibo teneo absconditus abundans incidunt auxilium.
Grant Lesch DDS;2023-02-22;4448,84;TRAVEL; trepide tot vinculum delibero. 
Miss Alexandra Kertzmann;3-8-2023; 5104,36 ;FOOD;Crux tantillus debilito termes stips defessus verus.
  Milton Bosco  ;2023-01-14;7604,49; Office ;Culpa vis collum vivo.
Mr. Mike Hane;1-11-2023;566,94;Other; bibo inventore aegrotatio. 
Ricardo Renner-Boyle;13/12/2023; 5449.78 ; Food ;Verecundia approbo umerus decumbo.
  JULIE BERGNAUM IV  ;26/7/2023;4442,48; Food ; Viscus tabgo eius tam comes. 
yolanda lowe;19/8/2023;5522.79;Office;Pecto attonbitus subvenio audacia.
  Ira Volkman  ;7/7/2023;6065.80; office ; Suffragium carmen triumphus custodia arbitro ocer uterque. 
MRS. MARY BARTOLETTI;18/6/2023;8842.59;Other;Damnatio denuncio admiratio trado ademptio stillicidium.
Joanna Nitzsche;3/7/2023; 2159.55 ;Health;Tripudio defetiscor terra virgo delectus allatus nisi.
shannon d'amore;14/3/2023;3534.98;office;coepi supplanto callide summisse.
Dr. Woodrow Gerhold;25/1/2023; 3293,27 ;TRAVEL;Saepe suasoria talis demens tricesimus anser.
Lynne Ziemann;11-15-2023; 5905.09 ;Food;Repudiandae centum nobis terga vapulus territo uterque.
Chris Kirlin;2023-12-07; 3696.74 ; health ; Ambitus audentia tutis amaritudo ara deserunt abduco crinis. 
Judy Ferry IV;11/10/2023;5922,55;Food;antiquus suffoco sortitus sollicito cogito condico vomer cumque cubitum vobis.
DOMINIC WEBER;25/3/2023;5178.67;Travel;Vesco audax amiculum id arca atrocitas amplexus consequuntur ambitus suasoria.
Henrietta Grady;12/3/2023;6288.52;other;non patria vel verto conqueror.
Dr. Esther Fadel;2023-07-31; 8084,82 ;Office;Corona curia tametsi tabesco ter.
Jenny Rowe;12-23-2023;200.43;Travel;Conduco vilis hic aequitas curtus vorax tamisium adfero apostolus altus.
  Lynn Goyette  ;2023-04-07; 448.78 ; Travel ;Aliquam cultellus auditor talus.
Rufus Brekke-Effertz;2/3/2023; 3771.02 ;other;Aureus voluntarius verumtamen.
Claire Stiedemann-Schmeler;10-30-2023;7392.61;Travel;cotidie decet neque pauper sum molestias deripio articulus tergiversatio.
jose bechtelar-schiller;17/3/2023;2140.09;HEALTH; Ambitus comparo taedium vesper accusantium verumtamen magnam. 
Eula Daniel;2023-07-08; 1224.04 ;Office; VIGILO STILLICIDIUM CUI ABDUCO ESSE COMPLECTUS TRUCULENTER. 
Ginger Howe;6-3-2023;1274,10; Health ; Acceptus arx cursim degusto color. 
ROCHELLE TORP;2023-01-28;8086,93;Food; tabesco suppellex corroboro cuius sublime amitto supellex sint. 
  Mae Mohr  ;11/9/2023;8628,57; Travel ; via civis numquam tenax voluptatem laborum demergo quidem desino solvo. 
Alfonso Armstrong;8-20-2023;9289.63; Food ; Cresco umbra antea terreo. 
Dr. Alexander Durgan;8-27-2023; 6792,38 ;Travel;CURSO HARUM UNUS COMA CERTUS VILITAS.
  Noah Dare  ;2/6/2023; 6184.72 ;Travel;Xiphias sum sono acidus abundans odit despecto solus.
al labadie;11-13-2023;2655.18;other;caelestis totus sublime.
GAIL WILKINSON;17/10/2023;8912.56;Travel;A suscipio assentator decretum amicitia.
  Rochelle Bode-Hilpert  ;3-3-2023;669.12;Travel;Arbor ipsa creptio temptatio.
Sonja Ullrich;3-10-2023; 1084.35 ;Other;volutabrum alter terra vestigium paens triumphus crepusculum.
Ross Ryan;15/12/2023;7380.12;Food;quae demonstro arbitro thesis cui angulus voluntarius.
shaun franecki dds;1-4-2023; 9059.67 ;Office;spero ascisco coaegresco aer aliquid occaecati ademptio adinventitias.
  Glen Prohaska  ;2023-10-12;2132.25;travel; Tibi decipio tot beneficium vulpes quas tumultus adicio fuga. 
Darrin Mante;8/2/2023; 9568,08 ;Health;Cresco ipsa bene sufficio.
BOBBIE ADAMS;2023-12-13;6272.65;Health;cultellus trucido delectatio turbo vero debitis amaritudo verbera tenuis.
Angelo Fisher;18/6/2023;5224.83; travel ;Ventosus brevis absconditus porro voluptate somniculosus peccatus.
  Meghan Wintheiser  ;30/5/2023; 3801.90 ;Travel;SUBIUNGO CULTURA ET.
lauren fisher;7-5-2023; 198.72 ;office;Quidem addo subiungo vinculum ceno volup vesper.
ms. lucille keeling ii;2023-01-06;8318.33;Other;venia denuncio usitas amplitudo tot.
Homer Ondricka;2023-11-10;9075.05;Office;DECRETUM ADFECTUS ATER REPELLENDUS DELINQUO.
connie rolfson;1-4-2023;6171.04;OFFICE;Terreo vereor volubilis curo aperte traho debeo debitis.
Rosemary D'Amore;2023-11-12; 4951,19 ;Office;Terra atqui voluptates labore appono minus cognomen usque attero aeternus.
MARTIN LEANNON DDS;11-19-2023;1156,24;Travel; BARDUS ATQUI CAUDA CONCULCO. 
Carmen Becker-Hilpert V;2023-09-02;4864.20;travel;textilis defero taceo nobis culpo amicitia colo.
  Lola Casper  ;2023-09-13;9214,56;health;Velut volutabrum alienus impedit terga sto vigor tyrannus amet adulatio.
Antonio Steuber;12/6/2023;2136,91;Office;Ager adipisci verus undique decor.
Miss Tracy Herzog;2023-08-28;5276,28;Office;patria creber urbs.
Winifred Casper;2023-05-06;9421,53;TRAVEL;ANTEA CALCO OCCAECATI CIRCUMVENIO CONVOCO APOSTOLUS SYNAGOGA SUBVENIO.
Johnnie Purdy Jr.;6-17-2023;6357.71;TRAVEL;labore arx defessus cogo tenus eum solutio suscipio umbra magni.
  Mr. Erik Satterfield  ;24/4/2023;314.90;other; Tunc supellex calamitas velociter vereor demum amaritudo tabesco admoveo. 
FELIPE O'KEEFE;2023-06-20;3650.92;health; Cunctatio ventosus cedo absens vindico. 
leigh ortiz;2023-07-23;6572.26;food; Ulciscor surgo officiis. 
STEVEN SPENCER;2023-01-29;2577,68;health; audax considero copia vel arbitro defungo umerus thesaurus bellicus. 
Jenna Kessler;9-29-2023;7145,31;food;Natus ab acer.
  Amos Weissnat  ;8-11-2023;7315.08;Office; Enim arcus curis commodi clarus stillicidium arto advenio aufero curiositas. 
Gwendolyn Skiles;12-8-2023;5637.40;other; Quos cunctatio nihil veritatis. 
  DONALD SCHIMMEL  ;3-9-2023;9091.79;Health;Quaerat suppono timidus color defendo bis.
Cindy Jenkins;2023-06-18;1449.22; Other ;timor charisma alter conitor commemoro caste suppellex considero.
Alicia Tromp;2023-02-01;6394.40; Office ;Deorsum comparo canto vulgo culpa asporto verto error.
  Lila Rempel  ;2023-11-02; 2123,99 ;Health;alias cruciamentum est.
Mrs. Ellen Bernhard I;1-4-2023;6373.41; OTHER ;Vilicus taceo sono defendo statim adicio corona subiungo.
Timmy Yundt;2023-10-29; 5738.21 ;Food;Bos articulus talio aetas cavus officiis officiis denique dapifer.
Paul Herzog;5/7/2023;3880.29; Travel ;TRAHO PAUCI MOLLITIA DEPRIMO CONCIDO ABEO ODIT.
miss beth ward;11/3/2023;1613.92;HEALTH;deduco adimpleo soluta ulterius alter totidem.
  Jon Heathcote DDS  ;25/10/2023;362,93;other;alter atrocitas adimpleo degenero desino qui patrocinor cogito super.
Shannon Botsford;2023-10-26;6874.22;Health;Utor supra maiores admitto absorbeo stips cohaero conicio.
PEGGY KESSLER;2023-10-16;9239.28;food;Derideo aliquam tripudio coadunatio caput aequitas animus corroboro.
stuart padberg;8-20-2023;6358.00;TRAVEL;Avaritia vox surculus aiunt pectus decumbo est administratio.
jim russel-mills;2023-02-22;5590.88;Food;Terror ut condico comburo clibanus cognomen conculco.
arnold heller;2023-11-29;1651.65; Travel ;Neque delinquo supellex ea.
Jared Koelpin;9/6/2023;8477.14;Other;cornu delego desino candidus degenero comprehendo antea sumptus admitto vulnero.
Jan McClure;2023-08-07;6445.44;Other;COHORS BARBA AMBITUS UXOR.
Lucas Halvorson;20/11/2023;1771,75;food;cruciamentum complectus terreo adamo.
Vivian Roob;6-21-2023;3430.79;Travel; Subito exercitationem demens ultio dolorum atqui stella. 
Eunice Spencer;2-3-2023;8399.22; Food ;Decipio depono curiositas demens vir addo adsuesco surculus.
pam rice;3-7-2023; 9562.27 ;Office;Avaritia apud reprehenderit sophismata abundans iusto perferendis aegre quisquam.
Shawna Bergnaum;2023-12-15;3099.90;Food; tametsi vigor avaritia alioqui carpo officia tantillus umerus certe curiositas. 
Percy Kertzmann;12-10-2023;2756.78; Food ;Aut synagoga in vindico bellum victus sit.
Cody Greenfelder;21/7/2023;4971,02;Food; ALIAS PORRO TALIO STRUES NEMO VOCIFEROR ALIENUS SUSCIPIO DESPECTO. 
Amanda Collins;4-19-2023;8651.06;HEALTH;Possimus colligo utrum illo vir callide asper.
  tom wunsch  ;2023-05-15;1692.24; TRAVEL ;Vis blanditiis quibusdam.
Eddie Heller;10-8-2023;2480,76;Office; Spiculum quo sed sophismata coadunatio talio odio. 
freda leffler iv;6-17-2023;8882,60;Office;Summisse sollicito cohors doloremque utique territo custodia cresco patrocinor speciosus.
  Thomas Fay Jr.  ;2023-01-26;6328.22;Other;Aurum deputo circumvenio tenetur decumbo vobis traho.
CAROLE WINTHEISER;21/2/2023; 5916.79 ;travel; Deleniti vesper appono omnis cras uredo artificiose tres patrocinor spoliatio. 
MARCUS BASHIRIAN-PFEFFER;14/8/2023;741.63;Health;Cotidie paulatim bestia comitatus vita deporto dolor capitulus.
Miss Dana Rempel;7/6/2023;6352,85;Health;TAM DESPARATUS DELEGO CONSPERGO TALIS TAM ADFERO TRACTO.
Jared Leannon;7-27-2023;2920.68;HEALTH; Somniculosus tui cursim coadunatio culpo tantum curo ventosus. 
Theresa Walter;9-3-2023; 3891.79 ;Other;Voluptatibus temptatio vere toties aperio ademptio.
Sylvester Halvorson;2023-05-12;1482.65;Travel; Cohors caries strenuus solium sapiente. 
  Toby Hahn  ;2023-06-20;5613,35;Other;illum terra combibo degero capto carus subito verumtamen degenero aperiam.
Esther White V;4/11/2023;5512,74;Other;Adamo caste uter.
molly labadie;9-24-2023;2373.28;Travel;Defluo totidem canto usitas baiulus titulus est deinde deserunt decimus.
rosalie kuphal;5/11/2023;6952.26;office;comminor artificiose vitium utique consuasor.
  Carroll Roob Jr.  ;9-15-2023;4437,94;Food; Dignissimos spargo et teneo creptio thalassinus id. 
Dolores Reinger;29/8/2023;2671.24;Travel;abbas depono cavus venio decet vester compono caput utilis.
Colleen Larson;10-6-2023;9228.58;OFFICE;Surgo compello studio cura coaegresco.
  Francis McKenzie  ;6/10/2023;1536,27;Other;aqua venia utpote cumque victoria blandior itaque odit creber.
Miss Melba Cummerata;9-8-2023;6293,31;Food;Spoliatio cubo rem copia censura laborum adiuvo voluptate acceptus.
dr. bert kovacek;6-2-2023; 7067.25 ;Other; Adeo confido vulticulus color carus cenaculum odio. 
LUTHER ZIEME;11-16-2023;1904,90; Office ; Tyrannus caritas vado ea adfectus correptius. 
  SHELIA HERMANN I  ;2023-07-06; 236.14 ;Health; TEMPORE CALCO COMPONO NECESSITATIBUS CHARISMA CUPRESSUS CRESCO DEPONO. 
TAMARA ZBONCAK-KLEIN;2023-07-13;1726.72;OTHER; Cognatus cimentarius carpo tripudio nemo deficio dolore autus civitas. 
luther nienow sr.;2-24-2023;930,79;OFFICE;Suffragium sui conforto circumvenio curatio congregatio adulescens repellendus vulgaris libero.
  Jared O'Kon  ;19/6/2023; 7701.72 ; Office ;vita timor demergo sonitus adinventitias sulum confero universe.
  michael gulgowski md  ;3/11/2023;676.19;HEALTH;demulceo depraedor vulgus adulatio comminor urbanus statim.
Arlene Zieme;8-4-2023;4681.48;Travel;Vulgus spes calco auditor video sursum capillus.
MS. NORMA YOST I;9-12-2023;6981.55;Health; Trans cetera tempora congregatio somniculosus vesper. 
Tara Wisoky;5-8-2023; 1945,63 ; Office ;AMBULO CUPRESSUS CRUR.
eileen lueilwitz;20/3/2023;8816.52;Travel; EXCEPTURI BREVIS TREPIDE STIPS NECESSITATIBUS DEFLEO SOLEO SINT ESSE COMPONO. 
Jennifer Murphy;5-28-2023;9708,51; Travel ; Solvo veniam pariatur arbor cura certe attollo viduo coepi vae. 
Terri Boyer II;2023-06-17;8787,79;Travel;DOLORE BREVIS APPELLO.
Taylor Ledner;7/8/2023;7074.23;Travel;concedo vesica aestus alius timidus thema dolorem accusantium benigne.
melody kunde jr.;3-27-2023;2196.63;travel; Tremo distinctio tersus auxilium soleo pauper conatus desino arca blandior. 
  Marshall Rau  ;2023-04-30;8215.40;Travel;VORAGO ADMINISTRATIO SOL.
STACY MOEN;2023-03-16;7781,20;Other;Dolorem tutis quaerat pectus vivo.
Margarita Hills;22/1/2023;732.73;Food;DESPECTO VACO AEQUUS DEPRIMO.
Wayne Nicolas;19/2/2023;5776.22;TRAVEL;Repellendus ratione tepidus.
  TED ZBONCAK  ;8-25-2023;2536.35; Travel ;ID CANTO AIUNT NIHIL VOLUPTATE QUIDEM DEGENERO ARMARIUM.
Orlando Shields;9-25-2023;7508.85;Office;conspergo baiulus amissio cometes iusto facilis suadeo.
FRANKIE MCGLYNN;17/9/2023;4244.91; TRAVEL ;Toties in tepidus casus cubitum.
  Todd Howell  ;3/8/2023;1184.06;Health;Velum arbitro tabula totam apparatus antiquus ut aureus autus.
Julie Kessler;2023-06-10;7054,94;travel;Agnitio concido solio voveo clamo villa stipes quibusdam.
  ora white  ;30/8/2023; 6873.97 ;Travel;ADVERSUS CUM VENIAM.
Wilson Auer;2023-04-13;3279.72;Office;Casus aedificium adsum ulciscor cruentus aspernatur cupressus.
Perry Tillman;2023-02-01;5924,22;Other;Depraedor quae delectus.
silvia swaniawski;2023-05-01;656,49;Travel;Id creptio voco eligendi summopere degero.
Viola Feeney;12-9-2023;9325,04; Other ;spiculum nesciunt quo cubo adinventitias deporto tero quaerat certe abstergo.
  Erma Mosciski  ;27/6/2023;7371,54;Travel;compono laudantium tepidus clam victoria.
Tina Pagac;24/5/2023; 2892,33 ;HEALTH;delectus corona bardus tot ulterius reiciendis admoneo.
Ronald Waters-McLaughlin;12-29-2023;6787.83;Health; Ultio caveo coruscus. 
CAMERON MURRAY;2023-03-02;8893,47;other;Deleo vinitor nihil utrum perspiciatis praesentium auditor tondeo necessitatibus ascisco.
Peggy Kessler;11-22-2023;1913,03;Travel;Benevolentia suus blandior culpa.
Maurice Halvorson;8-16-2023;2753.97;Travel;Attonbitus defleo speciosus.
Allison Blanda;8-23-2023; 406,67 ;health;Deporto tergo vulgaris defleo currus.
Jill Barton DVM;8-10-2023;2979,25;travel;ARBOR SUFFOCO PAUCI TEMPORIBUS SUPELLEX CARBO TREPIDE TURBO TIMIDUS.
ALEXIS TORP;21/3/2023; 1306.12 ; Office ;aggredior pecco unus vigilo aiunt subito curtus correptius paulatim.
Tamara Dicki Jr.;2023-10-09; 5494,19 ;Health;Audio tabgo aspicio decet arbor quidem virtus.
Ronald Nader;2023-07-04;9215.66;HEALTH;Civis eos tot accendo defleo iste reiciendis.
DANA VOLKMAN;6/7/2023;7853.57;OFFICE;Caecus curo vereor ver claustrum ullus catena demonstro.
  Thelma Beahan  ;2023-11-19;9784.59;Food;Currus numquam vulnero.
Marcella Ullrich;2023-03-19;6988,19;OFFICE;Terga depraedor articulus deputo tamisium vestigium.
herbert zieme;5/12/2023;6589.24;Travel;Depromo volaticus cuppedia adfectus degenero crastinus vetus.
Erika Halvorson-Hickle;5-29-2023;3643.07;Travel; SUSPENDO SUB DEFLUO AUDACIA ADDO AURUM ALLATUS TERGEO CURRUS AMICITIA. 
  Tyrone Padberg-Moore PhD  ;3-9-2023; 6712.65 ;OFFICE;Alveus illum cometes decet.
SHERRI KERTZMANN MD;8-12-2023;8418.82; TRAVEL ;Eos communis tres admiratio vero tactus.
Dr. Jerome Hagenes;1-8-2023; 306.22 ;HEALTH;Ago decumbo tricesimus vae.
CLAIRE MCLAUGHLIN I;2023-04-17;6540.04;Travel;Depraedor solus abeo vulnero possimus vociferor charisma utroque curriculum.
Louise McLaughlin;2023-05-19;9110.28; Office ;IURE VOLUP TENUIS TERROR RECUSANDAE ARA.
Clifton Hermann;2023-08-17;6180.17;FOOD;depono demonstro iste.
Chad Jakubowski DVM;16/11/2023;1894,14;FOOD; Paulatim armarium spiculum cubitum. 
Anita Murray;4-23-2023;1170,68; office ;Cicuta caritas animadverto calamitas fugit sumo.
Dr. Douglas Marquardt;3/12/2023;84.99;Office; Cur cuius atrox labore cotidie taceo utpote voveo adhaero adduco. 
Fredrick Hane PhD;8-30-2023;1719.50;Food;Ars audeo speculum calcar cometes curto ademptio copiose tremo denego.
Santos Jenkins;2023-10-31; 5187.43 ;travel;decumbo abbas cetera trepide statua sumo defleo.
Darryl Farrell DDS;7-16-2023; 2791.05 ;HEALTH;VOCIFEROR CONCULCO TERROR CATENA CUBITUM TUM AEQUUS AUDACIA.
Wm Lubowitz;10-28-2023;5195,25; Food ;FACILIS ASSUMENDA CENO TUMULTUS SPICULUM TABERNUS DEPORTO THESAURUS DEMULCEO.
Juan Kihn;2023-06-27;7803.37; Travel ;BARBA ET TANDEM VIVO DEFUNGO ADSTRINGO.
Dr. Lindsay Zieme;6-21-2023;8242.31;Other; Solio tondeo vilicus tamisium uredo cubicularis. 
Katherine Hudson;15/4/2023;1916.76;HEALTH;Addo confero maxime denique astrum beatus conitor truculenter.
rebecca dubuque;1-9-2023;2178.45;food;ILLO VULGIVAGUS AER ANTE.
DORIS HETTINGER;2023-05-25;4724.94; Other ; Tabgo fugit architecto contabesco molestias. 
maxine skiles;16/2/2023;914.70;Travel;Cultura voveo utor capto.
MELANIE HAUCK;21/4/2023;1746.39;Travel;Thalassinus cerno ustilo torrens autem approbo adipiscor defleo crepusculum sonitus.
percy homenick;7/11/2023;2490,91;Health; Verbera conculco aptus cito solutio curso ago. 
Eleanor Jast;4/1/2023;3835.07;Travel; Asporto solus texo alienus ater quae viduo tepesco carcer. 
theresa jaskolski;2023-02-22;479.55;Food;vesco celer attollo appositus spes comparo.
  Sherman Tremblay  ;2023-04-17; 1897.88 ; Food ; Argumentum coma umbra certus solium. 
Cecil Stroman;2023-02-13; 7923.26 ;travel; Solus caritas verto cilicium adsum. 
ROMAN LEFFLER;28/5/2023;6454,43;Health;VOLUPTATUM SUFFOCO STUDIO.
Latoya Harris V;8-14-2023;7701.46;Food;Crepusculum comptus cognatus tribuo aqua pauper ambulo sopor cogo.
Darren Boyer Sr.;2023-07-31;1890,42;FOOD;Tertius illum delicate adipiscor animus defluo.
  Jerald Waters  ;3/6/2023; 1060.10 ;Travel;TERMINATIO USQUE DELENITI BIBO SUSPENDO ARS ADHUC OFFICIIS DESINO.
TREVOR GREEN;30/9/2023;7124.65;Other;Terga tempora adflicto aestus textus somniculosus necessitatibus vulpes suffoco delectatio.
Dr. Irving Sanford;9/11/2023;779.70;other;Accendo utilis asporto currus video asporto sono utrimque.
Sara Champlin MD;8/7/2023;4594.56;Office;bestia excepturi ultio cuppedia.
Rex Stokes;2023-06-07; 3308,99 ;office;Tersus abstergo quisquam creber ubi cimentarius.
  Ramona Stroman  ;11/4/2023;6055.94;Office;Dolore bibo ventus quas pecus coniecto velut suffragium apud.
Kellie Leuschke;2023-01-18;5355.03; TRAVEL ;Accommodo necessitatibus est molestiae aut appono certe.
  LEE WALTER  ;9-10-2023;2393.94;Food; temeritas cultura suppellex timidus cubicularis desipio. 
Sammy Graham;11-14-2023;6258,46;other;QUASI UNDE SPES SPIRITUS TYRANNUS ASCIT.
ERMA SCHULTZ II;2/5/2023;1595.79;Office;Conduco repellendus ara civis audax eaque triduana labore.
  Mr. Jake Block  ;2-27-2023;7166.20;Food;Odio cognomen conservo civis cunae asperiores vacuus amiculum.
Tabitha Keeling;12-27-2023;4314,99;FOOD;Bestia ea acervus subnecto aperte recusandae amiculum adstringo.
Kathy Kuhic I;2023-05-30;2390,48;Other; suscipio vulariter perferendis expedita adhaero deludo agnosco vulgo veritas advoco. 
ALBERT SENGER;2023-04-06;3139.46; Food ;adfero harum victoria capitulus brevis coepi totidem infit administratio.
  earnest dicki  ;27/8/2023; 3818.05 ;Travel;Claro vivo caput terreo laborum verumtamen magnam officiis curatio vito.
Jesse Ondricka;11-5-2023;8906.32; FOOD ;EXPLICABO EVENIET DEDUCO DERELINQUO BOS ODIO ARGENTUM STRUES THYMUM CLAUSTRUM.
Marion Effertz-Parker;16/6/2023; 4041.52 ;Health;templum tenetur ceno capto molestiae.
  trevor harvey  ;1-16-2023;7559.57; Health ;PERFERENDIS DEPONO STATUA CRUDELIS CARIOSUS ADICIO STUDIO CIMENTARIUS.
HAROLD CORMIER;8/1/2023;4465,80;HEALTH;Contego capitulus aegrotatio.
terrence haley;8/9/2023;6350,31;travel;Voveo perspiciatis colo denego crur comedo utor.
Terence Sanford;8-18-2023;5192.44;other;ADEPTIO ABDUCO SORTITUS CARMEN CENO USTILO.
  Javier Boyer  ;2-6-2023;3592.29;health;Vicinus pauper subiungo adstringo spiculum.
  Antonia Stark PhD  ;2023-01-30;5997,78;Travel;URBANUS CELEBRER EST TRIDUANA.
Grace Smith;27/2/2023;8997,73;food;Veritas solum quod reiciendis aro paulatim campana delego varietas.
Delbert Koelpin DDS;6-16-2023;3915.23;Travel;vilis demoror reiciendis.
GEORGIA SCHOWALTER;4/11/2023;5751,77; Food ;Caritas blandior ciminatio sono umerus.
Grady Adams;15/6/2023;7005.10;Office; Degenero ulterius testimonium. 
Miranda Ziemann;5-5-2023;9629.25;Food;Videlicet peior conforto tenetur.
dr. carlos bechtelar;6-7-2023;5386,74;Health;Itaque adsidue coniuratio placeat subseco tricesimus arma copia creber.
ELIJAH ROWE;9-18-2023;1209.84; Office ;Sequi custodia provident creator conicio cornu.
Linda Harvey;2023-02-01;9790.83;FOOD;Ceno cursus adversus solitudo ceno turba usus solvo supplanto.
ABRAHAM ZIEMANN;2023-02-17;1503.27; office ;Veritatis somniculosus certe temeritas.
Luis Runte;2023-05-21;5790.23;Food;commodo quam demulceo culpa beatus complectus depono nesciunt crapula deorsum.
abraham nader;2023-01-22;6278.14;TRAVEL;comis certe defaeco.
Cameron Corkery;2023-12-02;8487.57;other;Arbitro cohors at balbus caterva repellat verumtamen.
Rufus Williamson;21/1/2023;4859.24;Health;color quasi suscipio aegre casus voro cohibeo patruus adsuesco.
Sean Bernhard;25/10/2023;6681,40; Office ;aspicio suus coruscus antiquus absens demergo.
Kristine Lebsack-Wintheiser III;4-5-2023;889,37;Travel;atavus circumvenio ulterius excepturi arceo sponte patrocinor derelinquo caries.
Cecelia Keeling;4-25-2023;4086.07;Health;Venio tempore caput accusantium sublime voluptatem cometes.
Mr. Joshua Hills-Romaguera;10-24-2023;2522.61; travel ;ODIO VULNUS TRUCULENTER UREDO TRUCULENTER DEORSUM TEPIDUS CAPUT APPOSITUS.
Winston Feil;7-28-2023;8243.51;OFFICE;appello asperiores correptius voluptates vestigium crux alii complectus.
TYLER SCHNEIDER;1/6/2023;6099,46; Food ;Veritatis deprimo aspernatur stips tondeo beatus nesciunt sophismata.
Jill Macejkovic V;11-8-2023;2111.41;Travel;Villa ambulo vicinus vitiosus impedit ascit ulciscor ultra damno usitas.
LAURENCE BLOCK;11-15-2023; 1006.20 ;Office;reprehenderit vestrum recusandae ager adduco sollicito.
ANDRE HAAG-QUITZON;21/10/2023;589,94;Office;Tero thesis delibero tardus ratione.
Luz Wiegand;12-8-2023; 8677.56 ;Health;Consequuntur thesis clarus.
Erik Gerhold Sr.;12-21-2023;7041.81;TRAVEL;DEFERO AGGREDIOR USUS RATIONE THORAX UTRUM TERTIUS CONSPERGO CURA.
Mable Gerhold;10-22-2023;9537.84;Other;viridis infit accedo subvenio cunctatio sulum umerus ipsum.
Kelli Jenkins;6-22-2023;315.95; Health ;CATTUS DEORSUM VOLATICUS TRIDUANA SPIRITUS.
mr. gerardo grant;2023-07-31;5513.65;Other;Creta omnis consequuntur assentator quia officia corporis.
  lorena crist  ;12-12-2023; 183.31 ;Travel;Super caveo fugiat.
Simon Jenkins;5/2/2023;2327,34;OTHER;Conforto sophismata decimus demens.
  whitney harber  ;13/10/2023;3188,30;food;Deinde cognatus sumptus collum iusto deludo asper debeo.
  CARLOS KUVALIS-BOSCO  ;4-13-2023;4234,11;Other;Maxime velum vapulus sumptus vorago contego.
Luis Erdman;11-4-2023;8473.04; Office ;Speciosus studio denuo alveus sum trado corpus amissio.
MR. STEWART ERDMAN;2/7/2023;8441.98; OFFICE ;Defungo una demergo vehemens arceo talus apud vetus.
Mr. Allen Heidenreich Sr.;5-7-2023;3270.39;other; ASPERNATUR EOS ABUTOR ADHAERO ALLATUS INCIDUNT. 
  mamie rempel  ;2023-11-03;5201.67; travel ;Angulus versus audacia quis caterva voveo virgo velociter arguo vetus.
Dr. Samuel Jacobson;4/11/2023;5038,30;FOOD; VILITAS OPTIO AUDAX ANIMI ABBAS. 
Pat Hauck;20/8/2023;75.18; Food ;tactus circumvenio fugit solium doloribus vereor molestiae.
Billy Kiehn IV;12-18-2023;396,93;Food;Optio vergo suscipit aer doloribus vix caterva arcesso.
Oliver Gleason-Reilly;28/3/2023;5142.84;food;deprecator reprehenderit spes sordeo aliquid.
  doreen goyette  ;14/6/2023; 5291.64 ;OTHER;tantum assumenda canis.
Dan Kris II;23/4/2023;8852,28; HEALTH ;articulus aurum comparo.
Mrs. Monica Friesen;2-21-2023;853.46;HEALTH;Aro repudiandae allatus terra.
Jane Borer III;7-22-2023;4425.20;Travel; Adfectus video defleo admiratio adeo certe occaecati aggero depraedor crur. 
Sophia Funk;2023-11-02;5123.15;TRAVEL; NISI CALLIDE TENUIS DEPONO CASUS SAPIENTE PECCATUS. 
Leonard VonRueden;7-2-2023; 7735.39 ;Office;Molestiae baiulus pecus molestias occaecati.
Rafael Jenkins;2023-11-04;4988,68;other;Est bardus placeat aeger cupiditas.
Jodi Frami;10-17-2023;4006.60; office ;CALCULUS COMMEMORO VERECUNDIA CERNO.
tracey stehr;2023-06-14;450.88;FOOD;STABILIS TAMETSI VOLUPTAS ADMONEO MOLESTIAE UNDE DEMITTO PEIOR ALVEUS.
elias lindgren;5-20-2023;1405.03;Food;Praesentium tenuis antepono cribro stillicidium alienus tenuis.
Ms. Mercedes Schiller I;9-7-2023; 8301.20 ;OTHER;adsuesco averto deputo molestias delego ocer ultra solutio.
  Lydia Hammes  ;6-19-2023;4696.57;HEALTH;TEMPLUM SOLEO DEPEREO.
mr. matthew fahey;2023-11-10;540,32; FOOD ;SUPPELLEX ADHAERO ABEO.
Horace Zieme;7-18-2023;2924.76;food;damno voluntarius timor aspicio ullam facilis spectaculum.
Sheldon Rath;5/6/2023;2913,46; Travel ;Fuga cervus bellicus verus aureus.
MAURICE PAUCEK;2023-05-08;141.94; Office ; Varietas abscido sint aspicio tyrannus. 
MR. GARY KEELING;2/4/2023; 3749,03 ;Other;Ter aegrotatio cena benevolentia amaritudo ait.
Jim Ankunding;5-27-2023;6418.71; Other ;Vero velut ipsum texo spiculum.
  Darin Von  ;2023-10-09;7622,45;travel;Vigor tubineus cultellus.
jerry tremblay;6/12/2023;6315.74;Health;ASPERIORES VERBUM LABORIOSAM.
  Kristie Homenick  ;2023-10-30;4158.75;Food;Statim despecto certus corpus crepusculum terreo velut adeptio taceo ducimus.
MARGARET BOYLE;13/11/2023;3221.41;Travel;socius abbas addo voluptatibus aro crastinus celebrer demum.
  Jo Ziemann  ;2-17-2023; 2666.99 ;health;PAX SUASORIA ADDUCO.
DON OBERBRUNNER;2023-06-08;9062.53;FOOD;rem beatus aestus considero tondeo alias.
STANLEY MURRAY PHD;12-2-2023;694,99; travel ;Tendo dapifer defetiscor.
  Dr. Mack Kling  ;2023-03-02;6319.13;Food;Sperno dicta vindico vix quo supellex.
Mildred Johns;2-18-2023;1557,80; HEALTH ;Candidus creta tam conculco arca vorago turpis antea crux.
  Theodore Klocko  ;12-25-2023;9167.42; office ; VIGILO TABESCO APPROBO. 
NADINE BARROWS;2023-08-27;8677.92;office;Vinitor laborum decretum balbus decipio.
israel hessel;3/9/2023; 5780.18 ;Food;Subiungo crapula sono argentum hic tabernus undique.
  DAN O'KON  ;2023-11-05;530.51; travel ;Tactus adinventitias arto minima.
  Danny Hudson  ;13/3/2023; 4205,33 ; Food ;perferendis confero angustus.
MABLE SCHUSTER II;12-18-2023; 4288.54 ;Food; umerus talus bonus tergo conor talus ulterius argumentum vilis. 
Benjamin Marks-Pouros;9/2/2023;9646,65;Office;Damno beatae capio adnuo enim comes.
  Dr. Alberto Wiza  ;17/11/2023;5010.85;Health;Cado soluta vigilo absconditus repudiandae tabernus cur.
Marcus Stark;26/6/2023; 3980.54 ;Office;Complectus ante una vaco adhuc temeritas eos.
Jennifer Moen;7-25-2023;2005.61; Travel ;abscido bos teres corrupti.
Kristina Crona-Reichert;2023-07-02;1617.03; Other ;Esse complectus admoneo repellat celo ater vinitor.
Ellis Mertz-Windler;2023-03-04; 4176.65 ;other;Tristis vinculum sufficio tutamen ascisco abscido.
Edmund Koss;2023-02-19;2784.99; travel ;Textor clam volutabrum tum astrum celebrer utor.
Billie Leffler;2023-04-25;4131.82;office; Tubineus absque tracto. 
Brian White;2023-03-03;817.19;Office;CINIS TORQUEO CASUS DEBITIS VERBERA CRINIS EA VILLA CONTIGO.
Virgil Schneider;1-6-2023;2632.69;Office;AMICITIA BENIGNE APPONO TUM UTERQUE.
GEOFFREY MURRAY;2023-09-01;7731.86;Health;torqueo conor delego tenax ultio.
Chris Bartell;17/5/2023; 7023.99 ;office; conturbo patrocinor verto peccatus esse amissio vigor correptius solitudo. 
RODERICK ADAMS;2023-12-26;6144,17; Other ;TAMISIUM AMARITUDO DAPIFER ADULATIO ADMINISTRATIO TENEO VIS.
Kirk Hyatt;1-8-2023;5154.23;TRAVEL;avaritia sulum acsi spero.
Clinton Hintz;2023-06-26;2748.10; other ;Cunabula aliquid iure ancilla pauci adsidue.
  Dr. Darryl Ruecker  ;2023-10-18;5585.15;Health;Corroboro taceo demergo maxime adulescens attollo.
Meghan Koepp DDS;10-11-2023; 3532.56 ;health;Ut uredo deficio corona ventito tibi aestivus clam coerceo pecco.
ELIJAH DENESIK;8/9/2023;9159.54;Health;Vulariter coniuratio amaritudo subseco ventito accendo demens thorax.
Karl Fisher;3-14-2023; 4219.42 ; Office ;Aperiam cauda taceo suscipio careo praesentium vicissitudo.
Amber Bednar;4-1-2023;2697.02;Travel;Bos curo artificiose caute vado tutamen atrox ante atque celer.
Mrs. Sherry Waters III;4-21-2023;6704.85;Health;ARGENTUM CURTO STRUES.
Tomas Zemlak;2023-03-31;4465.06; Office ; Tener comes communis tandem vox asporto desparatus iure. 
  Ramiro Zieme  ;18/4/2023;8840,06;office; solitudo canis cubicularis viscus. 
roberta herman dvm;8-6-2023;5014,97;Office;VENIA COMES ATER.
  TROY GREENFELDER  ;2023-06-28;311,84; OTHER ;BLANDIOR ARANEA STIPS OFFICIIS ADVOCO ARMA DEPROMO CRAPULA.
Forrest Hills;3/1/2023;1747,61; food ;alveus valde vomica tener optio.
sammy reichel;1-8-2023;6605.30;OFFICE;CURVO CIRCUMVENIO SORTITUS ADAUGEO TOT CURIS.
Samantha Daniel;8-7-2023;9255.19;Travel;volva ater tenax attero ocer vociferor conventus theca nulla venio.
Eric Ward;2023-03-22;9844.23; Health ;Centum strues sumptus cena volup volaticus caecus perferendis absque derideo.
  AUDREY JOHNSON  ;2-23-2023;8226.90;Other;PATIOR VEL CENA VOBIS SPONTE VALEO.
Ms. Joan O'Reilly;6-26-2023;8906.52;Office;Conspergo sui arcus.
gertrude heaney;30/3/2023; 661,00 ;Other;Tolero sumptus accusantium sit succurro tantillus quaerat paulatim carmen.
Jeanne Herman;10/6/2023;4328.54;FOOD;Curso solus concedo cupio adamo sustineo auxilium attero spiritus.
Joanna Cummings;2023-12-10;4387,08;OFFICE;Modi itaque adversus caste adulescens trepide comprehendo villa facere defungo.
mr. archie hirthe;12-21-2023;6773,96;Travel; Repellat cenaculum depraedor spiculum absum admoveo. 
kristie ferry-kulas;20/4/2023; 5625,29 ;Travel; PERFERENDIS VESTIGIUM VOLUPTATUM SAEPE SOMNICULOSUS ALII ISTE SUBVENIO DAMNO. 
Alfred Flatley Jr.;2023-09-23;770,09;Office;CEDO CITO ADDO CARCER TERGIVERSATIO SUFFICIO CURTO DENIQUE.
  Beatrice McCullough  ;12/8/2023;6287.01;health; Cruciamentum adduco vorago textor allatus abundans. 
Dr. Kelley Hammes;2023-07-27;1313,60; Health ;Pectus conventus thesis.
Dwight Hamill;2023-08-12;2110.73;Office;Turpis certus creptio infit terreo conor vicinus harum conculco decerno.
RODOLFO STROSIN;2023-08-20;6703.63;Travel;paulatim umquam iure.
Mr. Wilson Homenick;9-24-2023;8257.11;Health;Quos cursim sum tripudio adversus antepono.
Marlon Turner;2023-03-06; 2905,92 ;health;Aperiam abutor ascit aer ullus infit degero apparatus cenaculum succedo.
Dr. Herman Boyer;23/12/2023;9326,46;Food;Creta valde vitium astrum decimus commodi amor tum strues urbs.
Javier Zboncak;14/9/2023;5050.34;Travel;Tactus vaco sperno quidem comedo tamdiu culpa.
Woodrow Erdman;4-22-2023; 7843.73 ;Travel;Rerum vacuus arguo.
Manuel Moen;3-24-2023;8672.52;Travel;Adeptio conatus curo patria tero.
Earl Windler;5-8-2023;9449,17;FOOD;Adversus paulatim debeo cubitum admoneo adfectus perspiciatis.
Alvin Durgan;3/10/2023;7974,27;Travel;Timidus denuo accendo sub cariosus.
Melvin Haley IV;12/6/2023;139.62;Office;Ad audax theatrum.
FRANKLIN SCHINNER;2023-04-04;2713.79;Office;Audentia cras vesica earum tenetur.
JAMES STAMM;8-20-2023; 6917.68 ;Other;vix spiculum textor acquiro rem carmen theologus voluptates carpo.
  allison crona  ;6-17-2023;2573.94;Office;AMBITUS ASSUMENDA ABSCONDITUS CARMEN ARA CIVIS DEGENERO EX ACIDUS.
Joyce Nader;2023-02-20; 3052.68 ;Health;Umerus tabernus thymbra desino umerus capillus cito consectetur creo.
  Clarence Waelchi-Christiansen  ;6/9/2023;8850.96;Travel;ANIMUS VERSUS DEFUNGO ULTRA CAELUM AUCTUS AGNITIO CREBER AUTEM.
  WILLIE RUECKER  ;2023-12-04;5609,12;Travel;Vester tot curia soluta capto.
Olivia Wisozk;2-18-2023;9361.15;Health;Confugo depraedor defendo vero.
  Maggie D'Amore  ;4-26-2023;380.70; OTHER ;Inventore ullus arcus ea curtus arto facilis cumque fugiat doloribus.
jesus ziemann-nader;29/9/2023; 2013.45 ;Office;Impedit subiungo libero tot id thesaurus claustrum.
Jeremy Quitzon;2023-04-04;2206.02;Health;Apto depromo sint synagoga argumentum tumultus.
DAISY SCHINNER;8-11-2023; 7714.00 ; Travel ; VIRGO ANTE VAPULUS ATTOLLO ULTERIUS DECERNO VEL CULPO SURSUM BIBO. 
CARY BUCKRIDGE;2023-08-29;7403.73;health;Eligendi curvo vacuus.
  SIDNEY SIMONIS  ;2023-07-16;3189,07;health;Cura curo paens ars.
Dexter Johnston;21/12/2023;5536.24;Food; Caput unde creptio. 
april gusikowski;2023-10-31;2808.61;TRAVEL;Excepturi tum demitto terminatio ver.
Percy Kirlin;2023-09-07;109.61;Other;Iusto audio appello sonitus comparo desipio ara terga consectetur.
JOHN SCHUPPE;15/3/2023;3787,94;Travel;AUXILIUM CIBUS SUCCEDO VERUS ADMOVEO NEMO.